theta0,kappa,phi,alpha,beta,Qx,Qy
0.02,0.0,1.5707963267948966,0.020002933709554183,0.0,0.9998933345522575,0.013332850805033283
0.04095028626570331,0.0,1.5707963267948966,0.04097547902761105,0.0,0.9995528411642294,0.0272960492171527
0.061900572531406614,0.0,1.5707963267948966,0.06198764667582926,0.0,0.9989783301848426,0.041252745295121476
0.08285085879710993,0.0,1.5707963267948966,0.08305984577217779,0.0,0.998169887757357,0.055199616592448784
0.10380114506281324,0.0,1.5707963267948966,0.10421265529995426,0.0,0.9971276347178877,0.06913334576266254
0.12475143132851654,0.0,1.5707963267948966,0.12546688319644453,0.0,0.9958517261852654,0.08305062229802707
0.14570171759421985,0.0,1.5707963267948966,0.14684362685529065,0.0,0.994342351028021,0.09694814428006582
0.16665200385992315,0.0,1.5707963267948966,0.1683643354222665,0.0,0.9925997312053599,0.11082262014405218
0.18760229012562646,0.0,1.5707963267948966,0.19005087429354844,0.0,0.9906241209781015,0.12467077046135037
0.20855257639132976,0.0,1.5707963267948966,0.2119255922458826,0.0,0.9884158059847401,0.13848932974294897
0.22950286265703307,0.0,1.5707963267948966,0.23401139165742943,0.0,0.9859751021769003,0.1522750482676789
0.2504531489227364,0.0,1.5707963267948966,0.2563318023151176,0.0,0.9833023546074656,0.16602469393911337
0.27140343518843973,0.0,1.5707963267948966,0.27891105934979415,0.0,0.9803979360634646,0.17973505417599958
0.292353721454143,0.0,1.5707963267948966,0.3017741858803404,0.0,0.9772622455348831,0.19340293783994844
0.31330400771984634,0.0,1.5707963267948966,0.3249470810149418,0.0,0.9738957065090289,0.20702517720608948
0.3342542939855496,0.0,1.5707963267948966,0.34845661392472854,0.0,0.9702987650785531,0.22059862998292146
0.35520458025125295,0.0,1.5707963267948966,0.37233072476838064,0.0,0.9664718878501013,0.23412018138599683
0.3761548665169563,0.0,1.5707963267948966,0.3965985333560462,0.0,0.9624155596380973,0.24758674627392008
0.39710515278265957,0.0,1.5707963267948966,0.4212904565321386,0.0,0.9581302809264861,0.26099527135393324
0.4180554390483629,0.0,1.5707963267948966,0.4464383353763047,0.0,0.9536165650790144,0.2743427374652285
0.4390057253140662,0.0,1.5707963267948966,0.47207557346620055,0.0,0.9488749352758166,0.2876261619499493
0.4599560115797695,0.0,1.5707963267948966,0.4982372876096005,0.0,0.9439059211509281,0.30084260112333167
0.4809062978454728,0.0,1.5707963267948966,0.524960472630065,0.0,0.9387100551024423,0.3139891528541754
0.5018565841111761,0.0,1.5707963267948966,0.5522841820195653,0.0,0.9332878682426461,0.3270629592699817
0.5228068703768795,0.0,1.5707963267948966,0.5802497265248185,0.0,0.9276398859510246,0.34006120960261804
0.5437571566425827,0.0,1.5707963267948966,0.6089008930324623,0.0,0.9217666229878005,0.35298114319245344
0.564707442908286,0.0,1.5707963267948966,0.6382841864565225,0.0,0.9156685781202958,0.36582005266978773
0.5856577291739894,0.0,1.5707963267948966,0.6684490977714211,0.0,0.9093462282059105,0.3785752873391358
0.6066080154396927,0.0,1.5707963267948966,0.6994484017856882,0.0,0.9028000216691293,0.3912442567906728
0.627558301705396,0.0,1.5707963267948966,0.7313384888509491,0.0,0.896030371299109,0.403824434770531
0.6485085879710992,0.0,1.5707963267948966,0.7641797353704476,0.0,0.8890376462838455,0.41631336334460933
0.6694588742368026,0.0,1.5707963267948966,0.7980369187876751,0.0,0.8818221633835349,0.4287086573966188
0.6904091605025059,0.0,1.5707963267948966,0.8329796837017089,0.0,0.8743841771304314,0.44100800950695124
0.7113594467682092,0.0,1.5707963267948966,0.869083066926469,0.0,0.8667238689237445,0.4532091952673977
0.7323097330339126,0.0,1.5707963267948966,0.9064280907076762,0.0,0.858841334866531,0.46531007909503685
0.7532600192996158,0.0,1.5707963267948966,0.9451024350122255,0.0,0.8507365721651377,0.47730862061998364
0.7742103055653191,0.0,1.5707963267948966,0.9852012018672716,0.0,0.842409463880266,0.4892028817347071
0.7951605918310224,0.0,1.5707963267948966,1.0268277872402758,0.0,0.8338597617811083,0.5009910344079291
0.8161108780967258,0.0,1.5707963267948966,1.0700948790429965,0.0,0.8250870670079399,0.5126713693854595
0.837061164362429,0.0,1.5707963267948966,1.115125603652129,0.0,0.8160908081927235,0.5242423059235075
0.8580114506281323,0.0,1.5707963267948966,1.162054848066134,0.0,0.8068702166187771,0.5357024027286388
0.8789617368938357,0.0,1.5707963267948966,1.211030790693966,0.0,0.7974242979175404,0.5470503703119699
0.899912023159539,0.0,1.5707963267948966,1.2622166811832654,0.0,0.7877517996952501,0.5582850850104206
0.9208623094252423,0.0,1.5707963267948966,1.3157929190066469,0.0,0.7778511743545105,0.5694056049794022
0.9418125956909456,0.0,1.5707963267948966,1.3719594924011156,0.0,0.7677205362131394,0.5804111885297543
0.9627628819566489,0.0,1.5707963267948966,1.430938854433806,0.0,0.7573576118195643,0.5913013152652891
0.9837131682223522,0.0,1.5707963267948966,1.4929793325737732,0.0,0.7467596821046724,0.6020757105854779
1.0046634544880555,0.0,1.5707963267948966,1.5583591936285812,0.0,0.7359235146798047,0.612734374254093
1.0256137407537589,0.0,1.5707963267948966,1.6273915193627277,0.0,0.7248452841628992,0.6232776139126914
1.046564027019462,0.0,1.5707963267948966,1.7004300923937066,0.0,0.7135204778603121,0.63370608464704
1.0675143132851654,0.0,1.5707963267948966,1.777876551204339,0.0,0.7019437834024874,0.6440208360172257
1.0884645995508688,0.0,1.5707963267948966,1.8601891532040011,0.0,0.6901089539638776,0.6542233683637965
1.109414885816572,0.0,1.5707963267948966,1.9478935942630033,0.0,0.6780086454022326,0.6643157007383368
1.1303651720822754,0.0,1.5707963267948966,2.0415964848083887,0.0,0.6656342178913238,0.6743004535382011
1.1513154583479788,0.0,1.5707963267948966,2.142002295313231,0.0,0.6529754922076011,0.6841809499238266
1.172265744613682,0.0,1.5707963267948966,2.2499348870746165,0.0,0.6400204474631178,0.693961341494656
1.1932160308793853,0.0,1.5707963267948966,2.3663651826289387,0.0,0.6267548423195491,0.703646765670715
1.2141663171450887,0.0,1.5707963267948966,2.4924471758380458,0.0,0.613161734878032,0.7132435450615565
1.2351166034107919,0.0,1.5707963267948966,2.629565451070024,0.0,0.599220866426022,0.7227594432544292
1.2560668896764953,0.0,1.5707963267948966,2.779398867680308,0.0,0.5849078592681032,0.7322039976501754
1.2770171759421984,0.0,1.5707963267948966,2.944007401326714,0.0,0.5701931560258638,0.7415889594404256
1.2979674622079018,0.0,1.5707963267948966,3.125952901059024,0.0,0.5550405920140494,0.7509288856447177
1.3189177484736052,0.0,1.5707963267948966,3.328470784725594,0.0,0.5394054346496926,0.7602419520129218
1.3398680347393084,0.0,1.5707963267948966,3.5557204726547966,0.0,0.5232316279020237,0.769551095352143
1.3608183210050118,0.0,1.5707963267948966,3.813161650334064,0.0,0.506447814050478,0.7788856625058765
1.3817686072707152,0.0,1.5707963267948966,4.1081396018332,0.0,0.48896140608639177,0.7882838670580975
1.4027188935364183,0.0,1.5707963267948966,4.450834373046248,0.0,0.47064941671590704,0.7977965898914402
1.4236691798021217,0.0,1.5707963267948966,4.855879496785744,0.0,0.4513436052199569,0.8074935339443244
1.444619466067825,0.0,1.5707963267948966,5.345301092569415,0.0,0.4308050146599288,0.8174737745091145
1.4655697523335283,0.0,1.5707963267948966,5.954299906099595,0.0,0.40867702798388056,0.8278852086904737
1.4865200385992317,0.0,1.5707963267948966,6.74390835566453,0.0,0.3843900276486288,0.8389640537057856
1.5074703248649348,0.0,1.5707963267948966,7.833202456280888,0.0,0.3569395180688573,0.8511267629518576
1.5284206111306382,0.0,1.5707963267948966,9.50279828860472,0.0,0.3242494293469785,0.8652337747252694
1.5493708973963416,0.0,1.5707963267948966,12.70755058743861,0.0,0.28049119450309135,0.8837000309147779
1.5703211836620448,0.0,1.5707963267948966,,,,
1.5912714699277482,0.0,1.5707963267948966,,,,
1.6122217561934515,0.0,1.5707963267948966,,,,
1.6331720424591547,0.0,1.5707963267948966,,,,
1.654122328724858,0.0,1.5707963267948966,,,,
1.6750726149905615,0.0,1.5707963267948966,,,,
1.6960229012562646,0.0,1.5707963267948966,,,,
1.716973187521968,0.0,1.5707963267948966,,,,
1.7379234737876714,0.0,1.5707963267948966,,,,
1.7588737600533746,0.0,1.5707963267948966,,,,
1.779824046319078,0.0,1.5707963267948966,,,,
1.8007743325847811,0.0,1.5707963267948966,,,,
1.8217246188504845,0.0,1.5707963267948966,,,,
1.842674905116188,0.0,1.5707963267948966,,,,
1.863625191381891,0.0,1.5707963267948966,,,,
1.8845754776475945,0.0,1.5707963267948966,,,,
1.9055257639132979,0.0,1.5707963267948966,,,,
1.926476050179001,0.0,1.5707963267948966,,,,
1.9474263364447044,0.0,1.5707963267948966,,,,
1.9683766227104078,0.0,1.5707963267948966,,,,
1.989326908976111,0.0,1.5707963267948966,,,,
2.010277195241814,0.0,1.5707963267948966,,,,
2.0312274815075178,0.0,1.5707963267948966,,,,
2.052177767773221,0.0,1.5707963267948966,,,,
2.073128054038924,0.0,1.5707963267948966,,,,
2.0940783403046277,0.0,1.5707963267948966,,,,
2.115028626570331,0.0,1.5707963267948966,,,,
2.135978912836034,0.0,1.5707963267948966,,,,
2.1569291991017376,0.0,1.5707963267948966,,,,
2.177879485367441,0.0,1.5707963267948966,,,,
2.198829771633144,0.0,1.5707963267948966,,,,
2.2197800578988476,0.0,1.5707963267948966,,,,
2.2407303441645507,0.0,1.5707963267948966,,,,
2.261680630430254,0.0,1.5707963267948966,,,,
2.2826309166959575,0.0,1.5707963267948966,,,,
2.3035812029616607,0.0,1.5707963267948966,,,,
2.324531489227364,0.0,1.5707963267948966,,,,
2.3454817754930675,0.0,1.5707963267948966,,,,
2.3664320617587706,0.0,1.5707963267948966,,,,
2.387382348024474,0.0,1.5707963267948966,,,,
2.4083326342901774,0.0,1.5707963267948966,,,,
2.4292829205558806,0.0,1.5707963267948966,,,,
2.4502332068215837,0.0,1.5707963267948966,,,,
2.471183493087287,0.0,1.5707963267948966,,,,
2.4921337793529905,0.0,1.5707963267948966,,,,
2.5130840656186937,0.0,1.5707963267948966,,,,
2.534034351884397,0.0,1.5707963267948966,,,,
2.5549846381501005,0.0,1.5707963267948966,,,,
2.5759349244158036,0.0,1.5707963267948966,,,,
2.596885210681507,0.0,1.5707963267948966,,,,
2.6178354969472104,0.0,1.5707963267948966,,,,
2.6387857832129136,0.0,1.5707963267948966,,,,
2.6597360694786167,0.0,1.5707963267948966,,,,
2.6806863557443203,0.0,1.5707963267948966,,,,
2.7016366420100235,0.0,1.5707963267948966,,,,
2.7225869282757267,0.0,1.5707963267948966,,,,
2.7435372145414303,0.0,1.5707963267948966,,,,
2.7644875008071335,0.0,1.5707963267948966,,,,
2.7854377870728366,0.0,1.5707963267948966,,,,
2.8063880733385402,0.0,1.5707963267948966,,,,
2.8273383596042434,0.0,1.5707963267948966,,,,
2.8482886458699466,0.0,1.5707963267948966,,,,
2.86923893213565,0.0,1.5707963267948966,,,,
2.8901892184013533,0.0,1.5707963267948966,,,,
2.9111395046670565,0.0,1.5707963267948966,,,,
2.93208979093276,0.0,1.5707963267948966,,,,
2.9530400771984633,0.0,1.5707963267948966,,,,
2.9739903634641665,0.0,1.5707963267948966,,,,
2.9949406497298696,0.0,1.5707963267948966,,,,
3.0158909359955732,0.0,1.5707963267948966,,,,
3.0368412222612764,0.0,1.5707963267948966,,,,
3.0577915085269796,0.0,1.5707963267948966,,,,
3.078741794792683,0.0,1.5707963267948966,,,,
3.0996920810583863,0.0,1.5707963267948966,,,,
3.1206423673240895,0.0,1.5707963267948966,,,,
3.141592653589793,0.0,1.5707963267948966,,,,
0.02,0.1,1.5707963267948966,0.0009109850808000823,0.019089107687894503,0.999931802673748,0.010151478880667496
0.04095028626570331,0.1,1.5707963267948966,0.0035055545216014115,0.03744625226428627,0.9997083731933188,0.021056234463114436
0.061900572531406614,0.1,1.5707963267948966,0.007421857055957811,0.05448617092788889,0.9993223437775984,0.0321758728064585
0.08285085879710993,0.1,1.5707963267948966,0.012412031097078944,0.07046142518308565,0.9987682402530694,0.043465826922594986
0.10380114506281324,0.1,1.5707963267948966,0.018299093893216548,0.08555488038263288,0.9980417768344865,0.05489309845378224
0.12475143132851654,0.1,1.5707963267948966,0.02495215513185554,0.09990426443722118,0.9971395265191639,0.06643217428641868
0.14570171759421985,0.1,1.5707963267948966,0.03227182874580181,0.11361659869191967,0.9960587115626401,0.0780626293176188
0.16665200385992315,0.1,1.5707963267948966,0.040181135518795305,0.12677718330803112,0.9947970631292976,0.08976763552686308
0.18760229012562646,0.1,1.5707963267948966,0.048619561607297884,0.1394554575587458,0.9933527232717897,0.10153299097231373
0.20855257639132976,0.1,1.5707963267948966,0.05753902902565454,0.15170897010480897,0.9917241740943223,0.11334646310691544
0.22950286265703307,0.1,1.5707963267948966,0.06690107587681397,0.16358615574285493,0.989910185078485,0.1251973304990921
0.2504531489227364,0.1,1.5707963267948966,0.07667483048188843,0.17512833064000632,0.9879097729513714,0.13707605440873993
0.27140343518843973,0.1,1.5707963267948966,0.0868355230148095,0.18637115980194952,0.9857221704600606,0.14897403801526843
0.292353721454143,0.1,1.5707963267948966,0.09736337101948005,0.1973457585249605,0.9833468016234109,0.1608834464054786
0.31330400771984634,0.1,1.5707963267948966,0.10824273123445376,0.20807953405796906,0.9807832617926847,0.17279706966787448
0.3342542939855496,0.1,1.5707963267948966,0.11946144513739397,0.21859683907814767,0.9780313013468196,0.18470821719953603
0.35520458025125295,0.1,1.5707963267948966,0.13101032809799393,0.2289194863684557,0.9750908121781591,0.19661063502627932
0.3761548665169563,0.1,1.5707963267948966,0.14288276683904055,0.23906715946699209,0.9719618163500219,0.2084984403674434
0.39710515278265957,0.1,1.5707963267948966,0.15507439988920915,0.2490577442194554,0.9686444564650084,0.22036606931209804
0.4180554390483629,0.1,1.5707963267948966,0.16758286258019925,0.258907599409673,0.9651389873949616,0.2322082345963006
0.4390057253140662,0.1,1.5707963267948966,0.18040758295529016,0.2686317799183784,0.9614457691045799,0.2440198912561044
0.4599560115797695,0.1,1.5707963267948966,0.19354961838870355,0.27824422250153086,0.9575652603602097,0.2557962084890565
0.4809062978454728,0.1,1.5707963267948966,0.2070115252008541,0.28775790185560784,0.9534980131596965,0.26753254645960534
0.5018565841111761,0.1,1.5707963267948966,0.22079725538145176,0.2971849628641744,0.9492446677525997,0.2792244370784497
0.5228068703768795,0.1,1.5707963267948966,0.23491207589397092,0.3065368336066457,0.9448059481455647,0.2908675680041546
0.5437571566425827,0.1,1.5707963267948966,0.24936250706359064,0.3158243227261578,0.9401826580072553,0.3024577692790218
0.564707442908286,0.1,1.5707963267948966,0.2641562773381996,0.3250577040085035,0.9353756769025037,0.3139910021352401
0.5856577291739894,0.1,1.5707963267948966,0.27930229232321735,0.33424679045472816,0.9303859567972321,0.3254633496023217
0.6066080154396927,0.1,1.5707963267948966,0.2948106164720282,0.3434009996910482,0.9252145187851145,0.3368710086202482
0.627558301705396,0.1,1.5707963267948966,0.31069246619827623,0.35252941221876866,0.9198624499943298,0.34821028342002075
0.6485085879710992,0.1,1.5707963267948966,0.3269602134886908,0.3616408237401806,0.9143309006386732,0.3594775799783734
0.6694588742368026,0.1,1.5707963267948966,0.3436273993538069,0.3707437925866362,0.9086210811819339,0.37066940138915583
0.6904091605025059,0.1,1.5707963267948966,0.3607087566727235,0.37984668310923736,0.9027342595881461,0.381782344022489
0.7113594467682092,0.1,1.5707963267948966,0.3782202421775677,0.38895770576121397,0.8966717586332086,0.3928130943658491
0.7323097330339126,0.1,1.5707963267948966,0.3961790774918835,0.39808495449684284,0.8904349532555973,0.4037584264599752
0.7532600192996158,0.1,1.5707963267948966,0.4146037992914746,0.40723644202918513,0.8840252679255993,0.414615199857859
0.7742103055653191,0.1,1.5707963267948966,0.4335143188018044,0.41642013342383166,0.8774441740136835,0.42538035804777924
0.7951605918310224,0.1,1.5707963267948966,0.45293199098763104,0.425643978455061,0.8706931871394383,0.43605092729194056
0.8161108780967258,0.1,1.5707963267948966,0.4728796939323227,0.434915943111918,0.863773864482914,0.44662401584124567
0.837061164362429,0.1,1.5707963267948966,0.4933819190501897,0.44424404061289996,0.8566878020402907,0.4570968134943523
0.8580114506281323,0.1,1.5707963267948966,0.5144648729289757,0.45363636226783044,0.8494366318055258,0.46746659147580744
0.8789617368938357,0.1,1.5707963267948966,0.5361565917652131,0.4631011085131251,0.8420220188590506,0.47773070261385775
0.899912023159539,0.1,1.5707963267948966,0.5584870695366161,0.47264662044136785,0.8344456583436644,0.48788658180375893
0.9208623094252423,0.1,1.5707963267948966,0.5814884012574327,0.4822814121474858,0.8267092723064937,0.49793174674717505
0.9418125956909456,0.1,1.5707963267948966,0.6051949428898032,0.4920142042217087,0.8188146063842492,0.5078637989627091
0.9627628819566489,0.1,1.5707963267948966,0.6296434897423845,0.5018539587339665,0.8107634263069361,0.5176804250668882
0.9837131682223522,0.1,1.5707963267948966,0.6548734754835539,0.5118099160757064,0.8025575141926607,0.5273793983291165
1.0046634544880555,0.1,1.5707963267948966,0.6809271942383274,0.5218916340537861,0.7941986646031273,0.536958580508355
1.0256137407537589,0.1,1.5707963267948966,0.7078500486352869,0.5321090296679006,0.7856886803257608,0.5464159239836541
1.046564027019462,0.1,1.5707963267948966,0.7356908271337094,0.5424724240488946,0.7770293678440502,0.5557494741953202
1.0675143132851654,0.1,1.5707963267948966,0.7645020145057397,0.5529925910916853,0.76822253245252,0.5649573724185035
1.0884645995508688,0.1,1.5707963267948966,0.7943401399907964,0.563680810385025,0.7592699729666071,0.5740378588965322
1.109414885816572,0.1,1.5707963267948966,0.8252661684004667,0.5745489251231671,0.7501734759703967,0.5829892763675177
1.1303651720822754,0.1,1.5707963267948966,0.857345940357699,0.585609405784333,0.7409348095365023,0.5918100740248093
1.1513154583479788,0.1,1.5707963267948966,0.890650668936345,0.5968754204811403,0.731555716342014,0.600498811959984
1.172265744613682,0.1,1.5707963267948966,0.9252575012661635,0.6083609130330986,0.7220379060920601,0.6090541661464961
1.1932160308793853,0.1,1.5707963267948966,0.96125015523458,0.6200806899862565,0.7123830471477253,0.6174749340331835
1.2141663171450887,0.1,1.5707963267948966,0.9987196433135225,0.6320505180168822,0.7025927572372223,0.6257600408299214
1.2351166034107919,0.1,1.5707963267948966,1.0377650978481532,0.6442872334132203,0.6926685931077238,0.6339085465833313
1.2560668896764953,0.1,1.5707963267948966,1.0784947149674486,0.6568088656427983,0.6826120389491869,0.641919654159188
1.2770171759421984,0.1,1.5707963267948966,1.1210268377467447,0.6696347773963789,0.6724244933897846,0.6497927182707733
1.2979674622079018,0.1,1.5707963267948966,1.1654912035407707,0.6827858239714034,0.6621072548237665,0.6575272557199451
1.3189177484736052,0.1,1.5707963267948966,1.212030385735208,0.6962845354408521,0.6516615047848816,0.6651229570512721
1.3398680347393084,0.1,1.5707963267948966,1.2608014668273482,0.7101553257780577,0.6410882890195948,0.672579699860984
1.3608183210050118,0.1,1.5707963267948966,1.3119779881276807,0.7244247340138742,0.6303884958410925,0.6798975640536783
1.3817686072707152,0.1,1.5707963267948966,1.3657522319870934,0.7391217036421251,0.6195628312535308,0.6870768494035818
1.4027188935364183,0.1,1.5707963267948966,1.4223379059872765,0.7542779079324216,0.6086117902207596,0.6941180958572807
1.4236691798021217,0.1,1.5707963267948966,1.4819733159162727,0.7699281306501985,0.5975356233077667,0.7010221071161006
1.444619466067825,0.1,1.5707963267948966,1.5449251368595531,0.7861107140497585,0.5863342977367284,0.707789978165288
1.4655697523335283,0.1,1.5707963267948966,1.6114929211250137,0.8028680890719256,0.5750074516598058,0.7144231275827012
1.4865200385992317,0.1,1.5707963267948966,1.6820145204353463,0.820247406685409,0.5635543401397947,0.7209233356740654
1.5074703248649348,0.1,1.5707963267948966,1.7568726513141777,0.8383012945985895,0.551973770922608,0.727292789761861
1.5284206111306382,0.1,1.5707963267948966,1.8365029017874452,0.8570887706153769,0.5402640275474814,0.7335341383243301
1.5493708973963416,0.1,1.5707963267948966,1.9214035715371016,0.8766763534023492,0.5284227766222108,0.7396505561734407
1.5703211836620448,0.1,1.5707963267948966,2.0121478669148374,0.8971394243739013,0.5164469551203544,0.745645823524423
1.5912714699277482,0.1,1.5707963267948966,2.1093991522758357,0.9185639122621433,0.5043326322309194,0.7515244227151264
1.6122217561934515,0.1,1.5707963267948966,2.2139302134103747,0.9410483969298018,0.4920748384540167,0.7572916575855868
1.6331720424591547,0.1,1.5707963267948966,2.3266478535870734,0.9647067644807045,0.4796673520549845,0.7629538022843894
1.654122328724858,0.1,1.5707963267948966,2.4486246746178324,0.9896715969689809,0.4671024293059251,0.7685182887705941
1.6750726149905615,0.1,1.5707963267948966,2.58114068537421,1.016098555332938,0.45437045959504413,0.7739939459070942
1.6960229012562646,0.1,1.5707963267948966,2.725738577590075,1.0441721271112487,0.4414595185686819,0.7793913084002724
1.716973187521968,0.1,1.5707963267948966,2.884298364903084,1.0741132835791734,0.4283547805060503,0.7847230219280031
1.7379234737876714,0.1,1.5707963267948966,3.0591400314324817,1.1061898628052025,0.4150377326084407,0.7900043832943968
1.7588737600533746,0.1,1.5707963267948966,3.2531676601361865,1.1407309341183287,0.4014851044513674,0.795254074279544
1.779824046319078,0.1,1.5707963267948966,3.470076655072835,1.178147130892035,0.3876673776348014,0.8004951802828757
1.8007743325847811,0.1,1.5707963267948966,3.7146599329896106,1.2189602016455847,0.3735466589202331,0.8057566397574839
1.8217246188504845,0.1,1.5707963267948966,3.9932750129984655,1.2638473029600477,0.3590735559057594,0.8110753671458262
1.842674905116188,0.1,1.5707963267948966,4.3145839453598045,1.3137098531045286,0.3441824276396191,0.816499470539099
1.863625191381891,0.1,1.5707963267948966,4.690779843021299,1.3697853617295375,0.328783861539116,0.8220933335479984
1.8845754776475945,0.1,1.5707963267948966,5.139736388406258,1.4338390967477848,0.3127521393242039,0.8279460574110462
1.9055257639132979,0.1,1.5707963267948966,5.689048268033707,1.5085155972721935,0.295902983251573,0.834186406153151
1.926476050179001,0.1,1.5707963267948966,6.384351478910121,1.598042737715124,0.27795063672591236,0.8410115471555659
1.9474263364447044,0.1,1.5707963267948966,7.308728480842766,1.7098220352823585,0.2584152085881623,0.8487489186594038
1.9683766227104078,0.1,1.5707963267948966,8.637016602567693,1.8587110160073506,0.23638686715923932,0.8580132256750999
1.989326908976111,0.1,1.5707963267948966,10.841340615150376,2.082435172114645,0.20973957651069844,0.8702283707806702
2.010277195241814,0.1,1.5707963267948966,16.215592743771776,2.5468091992744,0.17041954900642892,0.8907446938160053
2.0312274815075178,0.1,1.5707963267948966,,,,
2.052177767773221,0.1,1.5707963267948966,,,,
2.073128054038924,0.1,1.5707963267948966,,,,
2.0940783403046277,0.1,1.5707963267948966,,,,
2.115028626570331,0.1,1.5707963267948966,,,,
2.135978912836034,0.1,1.5707963267948966,,,,
2.1569291991017376,0.1,1.5707963267948966,,,,
2.177879485367441,0.1,1.5707963267948966,,,,
2.198829771633144,0.1,1.5707963267948966,,,,
2.2197800578988476,0.1,1.5707963267948966,,,,
2.2407303441645507,0.1,1.5707963267948966,,,,
2.261680630430254,0.1,1.5707963267948966,,,,
2.2826309166959575,0.1,1.5707963267948966,,,,
2.3035812029616607,0.1,1.5707963267948966,,,,
2.324531489227364,0.1,1.5707963267948966,,,,
2.3454817754930675,0.1,1.5707963267948966,,,,
2.3664320617587706,0.1,1.5707963267948966,,,,
2.387382348024474,0.1,1.5707963267948966,,,,
2.4083326342901774,0.1,1.5707963267948966,,,,
2.4292829205558806,0.1,1.5707963267948966,,,,
2.4502332068215837,0.1,1.5707963267948966,,,,
2.471183493087287,0.1,1.5707963267948966,,,,
2.4921337793529905,0.1,1.5707963267948966,,,,
2.5130840656186937,0.1,1.5707963267948966,,,,
2.534034351884397,0.1,1.5707963267948966,,,,
2.5549846381501005,0.1,1.5707963267948966,,,,
2.5759349244158036,0.1,1.5707963267948966,,,,
2.596885210681507,0.1,1.5707963267948966,,,,
2.6178354969472104,0.1,1.5707963267948966,,,,
2.6387857832129136,0.1,1.5707963267948966,,,,
2.6597360694786167,0.1,1.5707963267948966,,,,
2.6806863557443203,0.1,1.5707963267948966,,,,
2.7016366420100235,0.1,1.5707963267948966,,,,
2.7225869282757267,0.1,1.5707963267948966,,,,
2.7435372145414303,0.1,1.5707963267948966,,,,
2.7644875008071335,0.1,1.5707963267948966,,,,
2.7854377870728366,0.1,1.5707963267948966,,,,
2.8063880733385402,0.1,1.5707963267948966,,,,
2.8273383596042434,0.1,1.5707963267948966,,,,
2.8482886458699466,0.1,1.5707963267948966,,,,
2.86923893213565,0.1,1.5707963267948966,,,,
2.8901892184013533,0.1,1.5707963267948966,,,,
2.9111395046670565,0.1,1.5707963267948966,,,,
2.93208979093276,0.1,1.5707963267948966,,,,
2.9530400771984633,0.1,1.5707963267948966,,,,
2.9739903634641665,0.1,1.5707963267948966,,,,
2.9949406497298696,0.1,1.5707963267948966,,,,
3.0158909359955732,0.1,1.5707963267948966,,,,
3.0368412222612764,0.1,1.5707963267948966,,,,
3.0577915085269796,0.1,1.5707963267948966,,,,
3.078741794792683,0.1,1.5707963267948966,,,,
3.0996920810583863,0.1,1.5707963267948966,,,,
3.1206423673240895,0.1,1.5707963267948966,,,,
3.141592653589793,0.1,1.5707963267948966,,,,
0.02,1.0,1.5707963267948966,9.901242532714767e-05,0.019900997495316427,0.9999331694980186,0.01001616675694698
0.04095028626570331,1.0,1.5707963267948966,0.00041086468072790497,0.04053959450847554,0.9997191314296001,0.020540724849605067
0.061900572531406614,1.0,1.5707963267948966,0.0009293983198508965,0.06097206966639386,0.9993567046082305,0.031095125304331922
0.08285085879710993,1.0,1.5707963267948966,0.0016485687152708944,0.08120514060749835,0.9988449395659016,0.041675929066964
0.10380114506281324,1.0,1.5707963267948966,0.0025626603761288425,0.10124545177199502,0.9981829676892363,0.05227970260650539
0.12475143132851654,1.0,1.5707963267948966,0.003666276740412269,0.12109957457253545,0.9973700008156332,0.06290301897273565
0.14570171759421985,1.0,1.5707963267948966,0.004954330317590118,0.14077400779391228,0.9964053308017428,0.07354245885503007
0.16665200385992315,1.0,1.5707963267948966,0.006422033187197287,0.16027517820545123,0.9952883290658959,0.08419461164206654
0.18760229012562646,1.0,1.5707963267948966,0.008064887857382413,0.17960944137079668,0.9940184461059604,0.09485607648208874
0.20855257639132976,1.0,1.5707963267948966,0.009878678486043522,0.19878308264078734,0.9925952109939845,0.10552346334339317
0.22950286265703307,1.0,1.5707963267948966,0.011859462465965701,0.21780231831608865,0.9910182308488757,0.11619339407470625
0.2504531489227364,1.0,1.5707963267948966,0.014003562374329325,0.23667329696718492,0.9892871902882556,0.12686250346511485
0.27140343518843973,1.0,1.5707963267948966,0.016307558286063867,0.25540210090023824,0.9874018508605307,0.13752744030321606
0.292353721454143,1.0,1.5707963267948966,0.018768280449768776,0.2739947477581917,0.9853620504581392,0.1481848684351489
0.31330400771984634,1.0,1.5707963267948966,0.021382802324297637,0.29245719224732797,0.9831677027128434,0.15883146782117602
0.3342542939855496,1.0,1.5707963267948966,0.024148433973595618,0.31079532798030035,0.980818796373868,0.16946393559047965
0.35520458025125295,1.0,1.5707963267948966,0.027062715816981043,0.3290149894274183,0.9783153946696078,0.1800789870938441
0.3761548665169563,1.0,1.5707963267948966,0.030123412731763465,0.34712195396870804,0.9756576346535796,0.19067335695389567
0.39710515278265957,1.0,1.5707963267948966,0.0333285085048825,0.3651219440399741,0.9728457265352162,0.20124380011257614
0.4180554390483629,1.0,1.5707963267948966,0.03667620063012709,0.38302062936675924,0.9698799529960725,0.21178709287553096
0.4390057253140662,1.0,1.5707963267948966,0.04016489544744776,0.40082362928074866,0.9667606684919396,0.22230003395309417
0.4599560115797695,1.0,1.5707963267948966,0.04379320362089688,0.41853651511378015,0.9634882985413455,0.23277944549756305
0.4809062978454728,1.0,1.5707963267948966,0.04755993595181982,0.4361648126652118,0.9600633390008636,0.24322217413645525
0.5018565841111761,1.0,1.5707963267948966,0.05146409952406802,0.4537140047389678,0.9564863553276315,0.2536250920014511
0.5228068703768795,1.0,1.5707963267948966,0.05550489417820803,0.471189533747124,0.9527579818294355,0.26398509775272966
0.5437571566425827,1.0,1.5707963267948966,0.05968170931195605,0.4885968043774173,0.9488789209027059,0.2742991175984129
0.564707442908286,1.0,1.5707963267948966,0.0639941210043709,0.5059411863225641,0.9448499422587321,0.28456410630884355
0.5856577291739894,1.0,1.5707963267948966,0.0684418894616882,0.5232280170697597,0.9406718821383914,0.2947770482254257
0.6066080154396927,1.0,1.5707963267948966,0.07302495678307107,0.5404626047491947,0.9363456425156627,0.3049349582637705
0.627558301705396,1.0,1.5707963267948966,0.07774344504498623,0.5576502310408783,0.9318721902901893,0.31503488291089715
0.6485085879710992,1.0,1.5707963267948966,0.08259765470339182,0.5747961541395065,0.9272525564691262,0.3250739012162469
0.6694588742368026,1.0,1.5707963267948966,0.08758806331343219,0.5919056117775272,0.9224878353385167,0.3350491257762843
0.6904091605025059,1.0,1.5707963267948966,0.09271532456689356,0.608983824306996,0.9175791836244125,0.34495770371246276
0.7113594467682092,1.0,1.5707963267948966,0.09798026764826089,0.6260359978412132,0.9125278196439587,0.35479681764235227
0.7323097330339126,1.0,1.5707963267948966,0.1033838969108494,0.6430673274575514,0.907335022446654,0.36456368664373273
0.7532600192996158,1.0,1.5707963267948966,0.10892739187515307,0.6600830004632844,0.9020021309459949,0.37425556721147196
0.7742103055653191,1.0,1.5707963267948966,0.11461210755226571,0.6770881997266404,0.8965305430417032,0.3838697542070215
0.7951605918310224,1.0,1.5707963267948966,0.12043957509598087,0.6940881070756965,0.890921714732742,0.3934035818003793
0.8161108780967258,1.0,1.5707963267948966,0.12641150278797805,0.7110879067681521,0.8851771592213231,0.4028544244043778
0.837061164362429,1.0,1.5707963267948966,0.1325297773613464,0.7280927890354262,0.8792984460081085,0.41221969760118027
0.8580114506281323,1.0,1.5707963267948966,0.1387964656685937,0.7451079537049479,0.87328719997881,0.4214968590608799
0.8789617368938357,1.0,1.5707963267948966,0.14521381670123562,0.7621386139049395,0.8671451004823976,0.43068340945211453
0.899912023159539,1.0,1.5707963267948966,0.1517842639690686,0.7791899998564371,0.8608738804011243,0.43977689334463016
0.9208623094252423,1.0,1.5707963267948966,0.15851042824829542,0.7962673627577497,0.8544753252125887,0.4487749001037478
0.9418125956909456,1.0,1.5707963267948966,0.16539512070880746,0.8133759787670336,0.8479512720440575,0.457675064776705
0.9627628819566489,1.0,1.5707963267948966,0.17244134643213724,0.8305211530891606,0.8413036087192692,0.4664750689708692
0.9837131682223522,1.0,1.5707963267948966,0.17965230833287574,0.8477082241735673,0.834534272797965,0.4751726417238442
1.0046634544880555,1.0,1.5707963267948966,0.18703141149772617,0.8649425680303315,0.827645250608381,0.48376556036551255
1.0256137407537589,1.0,1.5707963267948966,0.19458226795782524,0.8822296026722868,0.8206385762729596,0.49225165137208693
1.046564027019462,1.0,1.5707963267948966,0.20230870191153588,0.8995747926916047,0.8135163307275319,0.5006287912122691
1.0675143132851654,1.0,1.5707963267948966,0.21021475541659007,0.9169836539799171,0.8062806407342513,0.5088949071856476
1.0884645995508688,1.0,1.5707963267948966,0.21830469457226445,0.9344617586017406,0.7989336778885472,0.5170479782534932
1.109414885816572,1.0,1.5707963267948966,0.2265830162142091,0.9520147398317089,0.7914776576203979,0.5250860358621506
1.1303651720822754,1.0,1.5707963267948966,0.23505445514663184,0.9696482973668996,0.7839148381902157,0.533007164759254
1.1513154583479788,1.0,1.5707963267948966,0.24372399193878647,0.9873682027263921,0.7762475196796654,0.5408095038030399
1.172265744613682,1.0,1.5707963267948966,0.25259686131514153,1.0051803048511079,0.7684780429777348,0.5484912467650662
1.1932160308793853,1.0,1.5707963267948966,0.26167856117122573,1.023090535917962,0.7606087887623995,0.5560506431266938
1.2141663171450887,1.0,1.5707963267948966,0.27097486224998035,1.0411049173834122,0.7526421764782343,0.5634859988697316
1.2351166034107919,1.0,1.5707963267948966,0.28049181851653615,1.0592295662726492,0.744580663310334,0.5707956772616969
1.2560668896764953,1.0,1.5707963267948966,0.2902357782726577,1.077470701731899,0.7364267431549297,0.5779780996362047
1.2770171759421984,1.0,1.5707963267948966,0.30021339605574504,1.0958346518626705,0.7281829455870933,0.5850317461690382
1.2979674622079018,1.0,1.5707963267948966,0.3104316453712215,1.1143278608582332,0.7198518348259471,0.5919551566505424
1.3189177484736052,1.0,1.5707963267948966,0.32089783231145586,1.1329568964642138,0.7114360086978091,0.598746931255029
1.3398680347393084,1.0,1.5707963267948966,0.3316196101190668,1.1517284577869331,0.7029380975977205,0.6054057313079595
1.3608183210050118,1.0,1.5707963267948966,0.3426049947575976,1.170649383474997,0.694360763449829,0.6119302800517612
1.3817686072707152,1.0,1.5707963267948966,0.3538623815581798,1.1897266603017347,0.6857066986671134,0.618319363411202
1.4027188935364183,1.0,1.5707963267948966,0.36540056301696644,1.2089674321783304,0.6769786251109626,0.6245718307593546
1.4236691798021217,1.0,1.5707963267948966,0.3772287478248907,1.2283790096299931,0.6681792930511413,0.6306865956852715
1.444619466067825,1.0,1.5707963267948966,0.3893565812187276,1.247968879770209,0.6593114801267038,0.636662636764612
1.4655697523335283,1.0,1.5707963267948966,0.4017941667506374,1.2677447168111369,0.6503779903084368,0.6424989983345684
1.4865200385992317,1.0,1.5707963267948966,0.41455208958236384,1.2877143931514687,0.641381652863446,0.6481947912745806
1.5074703248649348,1.0,1.5707963267948966,0.4276414414202184,1.307885991086713,0.6323253213225284,0.653749193794461
1.5284206111306382,1.0,1.5707963267948966,0.4410738472179644,1.3282678151908438,0.6232118724510022,0.6591614522317097
1.5493708973963416,1.0,1.5707963267948966,0.4548614937868617,1.3488684054226516,0.6140442052237073,0.6644308818599725
1.5703211836620448,1.0,1.5707963267948966,0.46901716046561265,1.3696965510150234,0.6048252398049137,0.6695568677107675
1.5912714699277482,1.0,1.5707963267948966,0.4835542520178653,1.3907613052107328,0.5955579165339313,0.6745388654108325
1.6122217561934515,1.0,1.5707963267948966,0.4984868339415447,1.4120720009143226,0.586245194917243,0.6793764020376405
1.6331720424591547,1.0,1.5707963267948966,0.5138296703927328,1.433638267336266,0.5768900526280363,0.6840690769959045
1.654122328724858,1.0,1.5707963267948966,0.5295982649473925,1.4554700477129614,0.5674954845140597,0.6886165629181498
1.6750726149905615,1.0,1.5707963267948966,0.5458089044471961,1.4775776181943148,0.5580645016147844,0.6930186065927358
1.6960229012562646,1.0,1.5707963267948966,0.5624787062013676,1.4999716079997882,0.5486001301889083,0.6972750299230489
1.716973187521968,1.0,1.5707963267948966,0.5796256688451924,1.5226630209540026,0.5391054107533058,0.7013857309219472
1.7379234737876714,1.0,1.5707963267948966,0.5972687271880368,1.5456632585243615,0.5295833971346079,0.705350684745963
1.7588737600533746,1.0,1.5707963267948966,0.6154278114199261,1.5689841444959551,0.5200371555346568,0.7091699447742084
1.779824046319078,1.0,1.5707963267948966,0.6341239110864164,1.5926379514333022,0.5104697636111823,0.7128436437374585
1.8007743325847811,1.0,1.5707963267948966,0.6533791442873889,1.6166374290945869,0.5008843095751349,0.7163719949034357
1.8217246188504845,1.0,1.5707963267948966,0.6732168326071968,1.6409958349821572,0.49128389130621125,0.7197552933249739
1.842674905116188,1.0,1.5707963267948966,0.6936615823422049,1.6657269672334718,0.48167161548823273,0.7229939171584385
1.863625191381891,1.0,1.5707963267948966,0.714739372658183,1.6908452000797507,0.47205059676615363,0.7260883290605908
1.8845754776475945,1.0,1.5707963267948966,0.7364776513854526,1.7163655221256953,0.4624239569266245,0.7290390776729802
1.9055257639132979,1.0,1.5707963267948966,0.758905439245516,1.7423035777332445,0.4527948241041943,0.7318467992039687
1.926476050179001,1.0,1.5707963267948966,0.782053443400808,1.7686757118260068,0.44316633201540045,0.7345122191196315
1.9474263364447044,1.0,1.5707963267948966,0.8059541813310396,1.795499018469283,0.43354161922319795,0.7370361539560913
1.9683766227104078,1.0,1.5707963267948966,0.8306421161677567,1.8227913936243574,0.423923828434398,0.739419513267301
1.989326908976111,1.0,1.5707963267948966,0.8561538047657873,1.8505715925257118,0.41431610583302003,0.7416633017239868
2.010277195241814,1.0,1.5707963267948966,0.8825280599595301,1.8788592921871825,0.40472160045274264,0.7437686213813507
2.0312274815075178,1.0,1.5707963267948966,0.9098061286472299,1.9076751596089203,0.3951434635919436,0.745736674135345
2.052177767773221,1.0,1.5707963267948966,0.9380318875721945,1.937040926332941,0.38558484827516054,0.7475687643897982
2.073128054038924,1.0,1.5707963267948966,0.967252058931698,1.966979470082693,0.3760489087651967,0.7492663019595778
2.0940783403046277,1.0,1.5707963267948966,0.9975164482486988,1.9975149043235685,0.36653880013053664,0.7508308052382536
2.115028626570331,1.0,1.5707963267948966,1.0288782072964242,2.0286726766991507,0.35705767787323894,0.7522639046625633
2.135978912836034,1.0,1.5707963267948966,1.061394125280951,2.060479677435282,0.3476086976230309,0.7535673465103832
2.1569291991017376,1.0,1.5707963267948966,1.0951249519737274,2.092964358964316,0.3381950149039927,0.7547429970740506
2.177879485367441,1.0,1.5707963267948966,1.1301357570589374,2.1261568682098106,0.32881978498094677,0.7557928472568521
2.198829771633144,1.0,1.5707963267948966,1.166496330636985,2.1600891931927118,0.31948616279351405,0.7567190176474669
2.2197800578988476,1.0,1.5707963267948966,1.2042816306266864,2.194795325880467,0.31019730298678383,0.7575237641353443
2.2407303441645507,1.0,1.5707963267948966,1.2435722837615182,2.2303114435087474,0.3009563600486491,0.7582094841396029
2.261680630430254,1.0,1.5707963267948966,1.2844551480122652,2.266676110971539,0.29176648856516485,0.7587787235354014
2.2826309166959575,1.0,1.5707963267948966,1.3270239456306177,2.3039305073119003,0.2826308436067828,0.7592341843751692
2.3035812029616607,1.0,1.5707963267948966,1.3713799776469864,2.3421186798682823,0.27355258126006443,0.7595787335180856
2.324531489227364,1.0,1.5707963267948966,1.4176329326355677,2.3812878302595575,0.2645348593215055,0.7598154123002892
2.3454817754930675,1.0,1.5707963267948966,1.4659018049621788,2.421488637150444,0.2555808381724985,0.7599474474011912
2.3664320617587706,1.0,1.5707963267948966,1.5163159406595947,2.4627756216591026,0.24669368185725685,0.7599782630888453
2.387382348024474,1.0,1.5707963267948966,1.5690162326641925,2.5052075623901446,0.23787655938883878,0.7599114950606888
2.4083326342901774,1.0,1.5707963267948966,1.6241564915678823,2.548847968449968,0.2291326463123294,0.7597510061365446
2.4292829205558806,1.0,1.5707963267948966,1.6819050235130857,2.5937656204931745,0.22046512655891634,0.759500904110353
2.4502332068215837,1.0,1.5707963267948966,1.7424464536757727,2.6400351919440563,0.2118771946301712,0.7591655621280358
2.471183493087287,1.0,1.5707963267948966,1.805983842323627,2.6877379651473667,0.20337205815857523,0.7587496420341978
2.4921337793529905,1.0,1.5707963267948966,1.8727411512085514,2.7369626604749664,0.19495294089843487,0.7582581212240064
2.5130840656186937,1.0,1.5707963267948966,1.9429661317293312,2.7878064005445795,0.1866230862111922,0.7576963236537434
2.534034351884397,1.0,1.5707963267948966,2.016933723789712,2.8403758369551815,0.1783857611211823,0.757069955811157
2.5549846381501005,1.0,1.5707963267948966,2.094950076813895,2.8947884736635907,0.17024426103270457,0.7563851486340423
2.5759349244158036,1.0,1.5707963267948966,2.177357333658961,2.9511742298000376,0.1622019152176095,0.7556485066050388
2.596885210681507,1.0,1.5707963267948966,2.2645393565294674,3.0096772960099676,0.1542620932054591,0.7548671655594577
2.6178354969472104,1.0,1.5707963267948966,2.356928624742527,3.0704583532381786,0.1464282122370361,0.7540488611446358
2.6387857832129136,1.0,1.5707963267948966,2.455014601975312,3.1336972425397525,0.13870374597832869,0.7532020103966773
2.6597360694786167,1.0,1.5707963267948966,2.559353962144979,3.1995962008634646,0.131092234738553,0.7523358095998023
2.6806863557443203,1.0,1.5707963267948966,2.670583188062655,3.26838381348498,0.12359729749566038,0.7514603525311492
2.7016366420100235,1.0,1.5707963267948966,2.789434229845665,3.3403198827930627,0.11622264611075078,0.7505867744657541
2.7225869282757267,1.0,1.5707963267948966,2.916754152324251,3.4157014812915083,0.10897210221551594,0.7497274290637985
2.7435372145414303,1.0,1.5707963267948966,3.0535300452239142,3.494870552809597,0.10184961739369588,0.7488961076963335
2.7644875008071335,1.0,1.5707963267948966,3.2009209678371886,3.5782235636344404,0.09485929746231692,0.748108314208095
2.7854377870728366,1.0,1.5707963267948966,3.3602994322388544,3.666223906004026,0.08800543191155877,0.7473816130657592
2.8063880733385402,1.0,1.5707963267948966,3.533306027211901,3.7594180545461557,0.08129252991423845,0.7467360760883328
2.8273383596042434,1.0,1.5707963267948966,3.7219224672427997,3.85845692848465,0.07472536481444811,0.7461948637876724
2.8482886458699466,1.0,1.5707963267948966,3.9285709900389443,3.9641246146098608,0.06830902972459563,0.7457849939015004
2.86923893213565,1.0,1.5707963267948966,4.156252278474328,4.077377725192665,0.06204900792191968,0.7455383756501043
2.8901892184013533,1.0,1.5707963267948966,4.408741144919862,4.199400502414535,0.055951263340997905,0.7454932301000811
2.9111395046670565,1.0,1.5707963267948966,4.690871354004778,4.331683900750274,0.050022358955005376,0.7456960867509517
2.93208979093276,1.0,1.5707963267948966,5.008962663900111,4.476142385536953,0.04426961484626215,0.7462046670717755
2.9530400771984633,1.0,1.5707963267948966,5.371483802135653,4.635292354160912,0.038701324445688946,0.7470921836007464
2.9739903634641665,1.0,1.5707963267948966,5.790125416612832,4.812535887289707,0.03332705905095302,0.7484539975492316
2.9949406497298696,1.0,1.5707963267948966,6.281626501060463,5.012634637018925,0.02815811207583248,0.7504184157084262
3.0158909359955732,1.0,1.5707963267948966,6.8710849826772105,5.242550899200583,0.023208176240218398,0.7531652342625645
3.0368412222612764,1.0,1.5707963267948966,7.598461301530531,5.513061327984854,0.018494435424992177,0.7569600156786448
3.0577915085269796,1.0,1.5707963267948966,8.532801408845227,5.842191851983372,0.014039461068081183,0.7622239585554516
3.078741794792683,1.0,1.5707963267948966,9.808432405746604,6.26368339102372,0.00987486663935478,0.7696973733838839
3.0996920810583863,1.0,1.5707963267948966,11.741488483508643,6.853171086003513,0.006049551150739631,0.7809128084084579
3.1206423673240895,1.0,1.5707963267948966,15.412009466922473,7.851626447284021,0.0026542494916717216,0.8002209812144008
3.141592653589793,1.0,1.5707963267948966,,,,
0.02,2.0,1.5707963267948966,4.975157635868305e-05,0.019950253403640376,0.9999332517138612,0.010007957604285989
0.04095028626570331,2.0,1.5707963267948966,0.00020749773987216173,0.0407428756836983,0.999719827245137,0.020506847536287006
0.061900572531406614,2.0,1.5707963267948966,0.00047169532811825533,0.06142933033125172,0.9993590741529026,0.03101893011190077
0.08285085879710993,2.0,1.5707963267948966,0.0008407371949352987,0.08201156966844611,0.9988505413918947,0.04154157166603686
0.10380114506281324,2.0,1.5707963267948966,0.0013130668030138955,0.10249163099546793,0.998193829517458,0.0520721218593969
0.12475143132851654,2.0,1.5707963267948966,0.0018871797469818808,0.12287163210381413,0.9973885913325279,0.06260791525883172
0.14570171759421985,2.0,1.5707963267948966,0.0025616251251328677,0.1431537669817422,0.9964345324794155,0.07314627291098498
0.16665200385992315,2.0,1.5707963267948966,0.0033350067703484735,0.1633403017102264,0.9953314119775525,0.08368450390823312
0.18760229012562646,2.0,1.5707963267948966,0.004205984350464043,0.18343357054724835,0.9940790427083821,0.09421990694601258
0.20855257639132976,2.0,1.5707963267948966,0.0051732743480090455,0.20343597219782042,0.9926772918485851,0.10474977187069906
0.22950286265703307,2.0,1.5707963267948966,0.006235650928920545,0.22334996626676343,0.9911260812528248,0.11527138121727253
0.2504531489227364,2.0,1.5707963267948966,0.00739194670948528,0.24317806989093865,0.9894253877872161,0.12578201173606487
0.27140343518843973,2.0,1.5707963267948966,0.008641053430416695,0.26292285454736253,0.9875752436146976,0.13627893590794493
0.292353721454143,2.0,1.5707963267948966,0.009981922546620548,0.2825869430334041,0.9855757364334861,0.1467594234473489
0.31330400771984634,2.0,1.5707963267948966,0.011413565740849679,0.3021730066150804,0.9834270096697898,0.15722074279261372
0.3342542939855496,2.0,1.5707963267948966,0.012935055369097151,0.3216837623393155,0.9811292626259277,0.16766016258311273
0.35520458025125295,2.0,1.5707963267948966,0.014545524845229928,0.3411219705059166,0.9786827505850015,0.1780749531227389
0.3761548665169563,2.0,1.5707963267948966,0.01624416897202383,0.3604904322949371,0.9760877848732378,0.18846238782931204
0.39710515278265957,2.0,1.5707963267948966,0.018030244225426754,0.3797919875450429,0.9733447328811125,0.1988197446695249
0.4180554390483629,2.0,1.5707963267948966,0.019903068998552088,0.3990295126784693,0.9704540180443296,0.20914430757907157
0.4390057253140662,2.0,1.5707963267948966,0.021862023811588787,0.4182059187681474,0.9674161197857329,0.2194333678676297
0.4599560115797695,2.0,1.5707963267948966,0.023906551493510928,0.4373241497425993,0.9642315734191748,0.22968422560839483
0.4809062978454728,2.0,1.5707963267948966,0.02603615734117578,0.4563871807242248,0.9609009700163795,0.23989419101188578
0.5018565841111761,2.0,1.5707963267948966,0.028250409261119647,0.47539801649665847,0.9574249562377831,0.25006058578376394
0.5228068703768795,2.0,1.5707963267948966,0.030548937899092115,0.4943596900969343,0.9538042341283326,0.26018074446642414
0.5437571566425827,2.0,1.5707963267948966,0.03293143676211418,0.5132752615282695,0.9500395608791912,0.2702520157641361
0.564707442908286,2.0,1.5707963267948966,0.03539766233760397,0.532147816589368,0.9461317485562828,0.28027176385152835
0.5856577291739894,2.0,1.5707963267948966,0.03794743421388428,0.550980465816234,0.9420816637965765,0.2902373696652189
0.6066080154396927,2.0,1.5707963267948966,0.04058063520617093,0.5697763435325895,0.9378902274729992,0.3001462321784141
0.627558301705396,2.0,1.5707963267948966,0.0432972114919383,0.5885386070051024,0.9335584143288401,0.30999576965830494
0.6485085879710992,2.0,1.5707963267948966,0.04609717275936931,0.607270435699742,0.92908725258248,0.31978342090609824
0.6694588742368026,2.0,1.5707963267948966,0.04898059237242039,0.625975030635698,0.9244778235032722,0.32950664647953626
0.6904091605025059,2.0,1.5707963267948966,0.05194760755586815,0.6446556138334213,0.9197312609593788,0.33916292989776015
0.7113594467682092,2.0,1.5707963267948966,0.054998419603555115,0.6633154278534767,0.9148487509383255,0.34874977882838043
0.7323097330339126,2.0,1.5707963267948966,0.05813329411291036,0.681957735423012,0.9098315310410547,0.3582647262566326
0.7532600192996158,2.0,1.5707963267948966,0.061352561248696896,0.7005858191467874,0.9046808899502105,0.3677053316364883
0.7742103055653191,2.0,1.5707963267948966,0.06465661603882183,0.7192029812998377,0.8993981668733745,0.3770691820236124
0.7951605918310224,2.0,1.5707963267948966,0.06804591870494114,0.7378125436989595,0.893984750961971,0.3863538931900513
0.8161108780967258,2.0,1.5707963267948966,0.0715209950305006,0.756417847650361,0.8884420807065241,0.39555711072054744
0.837061164362429,2.0,1.5707963267948966,0.0750824367687712,0.7750222539709228,0.8827716433089432,0.40467651109037983
0.8580114506281323,2.0,1.5707963267948966,0.07873090209336908,0.7936291430806662,0.8769749740324987,0.41370980272462876
0.8789617368938357,2.0,1.5707963267948966,0.08246711609368752,0.8122419151641339,0.8710536555301283,0.4226547270387773
0.899912023159539,2.0,1.5707963267948966,0.08629187131761987,0.8308639903985242,0.8650093171517117,0.43150905946055373
0.9208623094252423,2.0,1.5707963267948966,0.09020602836391231,0.8494988092465454,0.8588436342309258,0.4402706104329323
0.9418125956909456,2.0,1.5707963267948966,0.09421051652645313,0.8681498328120699,0.8525583273522844,0.44893722639820743
0.9627628819566489,2.0,1.5707963267948966,0.09830633449278527,0.8868205432567979,0.8461551615989668,0.4575067907630618
0.9837131682223522,2.0,1.5707963267948966,0.10249455109911572,0.9055144442762499,0.8396359457820038,0.4659772248445552
1.0046634544880555,2.0,1.5707963267948966,0.10677630614409395,0.924235061633539,0.8330025316513968,0.47434648879695296
1.0256137407537589,2.0,1.5707963267948966,0.11115281126363327,0.9429859437494634,0.8262568130897398,0.4826125825193343
1.046564027019462,2.0,1.5707963267948966,0.1156253508690677,0.9617706623476002,0.8194007252888792,0.49077354654390537
1.0675143132851654,2.0,1.5707963267948966,0.12019528315095601,0.9805928131531702,0.8124362439101683,0.49882746290495733
1.0884645995508688,2.0,1.5707963267948966,0.1248640411508764,0.9994560166445601,0.8053653842288446,0.5067724559884104
1.109414885816572,2.0,1.5707963267948966,0.12963313390359596,1.0183639188564997,0.7981902002630493,0.5146066933618807
1.1303651720822754,2.0,1.5707963267948966,0.13450414765204347,1.0373201922339832,0.7909127838880196,0.5223283865852268
1.1513154583479788,2.0,1.5707963267948966,0.13947874713757127,1.056328536536134,0.7835352639359525,0.5299357920015159
1.172265744613682,2.0,1.5707963267948966,0.14455867696805658,1.075392679789319,0.7760598052820492,0.5374272115083673
1.1932160308793853,2.0,1.5707963267948966,0.14974576306645954,1.0945163792888968,0.7684886079172398,0.544800993309635
1.2141663171450887,2.0,1.5707963267948966,0.15504191420254082,1.113703422649103,0.7608239060080728,0.5520555326473827
1.2351166034107919,2.0,1.5707963267948966,0.16044912361052596,1.1329576289006609,0.753067966944259,0.5591892725141209
1.2560668896764953,2.0,1.5707963267948966,0.16596947069559756,1.1522828496357918,0.7452230903743552,0.5662007043452786
1.2770171759421984,2.0,1.5707963267948966,0.17160512283220758,1.1716829702004126,0.73729160723005,0.573088368691874
1.2979674622079018,2.0,1.5707963267948966,0.17735833725730626,1.1911619109333753,0.7292758787395384,0.5798508558733741
1.3189177484736052,2.0,1.5707963267948966,0.18323146306171312,1.2107236284527139,0.7211782954304355,0.5864868066107144
1.3398680347393084,2.0,1.5707963267948966,0.18922694328297848,1.2303721169889328,0.7130012761227091,0.5929949126394756
1.3608183210050118,2.0,1.5707963267948966,0.19534731710323117,1.2501114097654853,0.7047472669120703,0.5993739173032024
1.3817686072707152,2.0,1.5707963267948966,0.2015952221556462,1.2699455804266455,0.6964187401442969,0.6056226161268665
1.4027188935364183,2.0,1.5707963267948966,0.20797339694333541,1.289878744513097,0.6880181933809216,0.6117398573704721
1.4236691798021217,2.0,1.5707963267948966,0.21448468337462123,1.3099150609856236,0.6795481483567513,0.6177245425628151
1.444619466067825,2.0,1.5707963267948966,0.22113202941883756,1.330058733797384,0.6710111499296492,0.6235756270154058
1.4655697523335283,2.0,1.5707963267948966,0.22791849188698904,1.3503140135153424,0.6624097650230311,0.6292921203165791
1.4865200385992317,2.0,1.5707963267948966,0.23484723934179733,1.3706851989915039,0.6537465815615097,0.6348730868058079
1.5074703248649348,2.0,1.5707963267948966,0.24192155514187424,1.3911766390846971,0.6450242074001306,0.64031764602826
1.5284206111306382,2.0,1.5707963267948966,0.24914484062498474,1.4117927344337333,0.6362452692476301,0.6456249731696284
1.5493708973963416,2.0,1.5707963267948966,0.25652061843559626,1.4325379392828554,0.6274124115841508,0.65079429947128
1.5703211836620448,2.0,1.5707963267948966,0.2640525360021587,1.4534167633604855,0.6185282955738454,0.655824912625773
1.5912714699277482,2.0,1.5707963267948966,0.2717443691698212,1.474433773812364,0.6095955979727972,0.6607161571527961
1.6122217561934515,2.0,1.5707963267948966,0.27960002599456457,1.495593597190265,0.600617010032687,0.6654674347555956
1.6331720424591547,2.0,1.5707963267948966,0.2876235507050233,1.516900921497573,0.5915952364006293,0.6700782046579554
1.654122328724858,2.0,1.5707963267948966,0.29581912783857295,1.5383604982930963,0.5825329940156005,0.6745479839218105
1.6750726149905615,2.0,1.5707963267948966,0.30419108655857746,1.5599771448545712,0.5734330110018914,0.6788763477455771
1.6960229012562646,2.0,1.5707963267948966,0.3127439051600469,1.5817557464034626,0.5642980255599866,0.683062929743284
1.716973187521968,2.0,1.5707963267948966,0.32148221577128944,1.6037012583926957,0.5551307848553113,0.6871074222046151
1.7379234737876714,2.0,1.5707963267948966,0.33041080925954247,1.6258187088591212,0.5459340439052478,0.6910095763359578
1.7588737600533746,2.0,1.5707963267948966,0.3395346403489519,1.6481132008425925,0.5367105644648451,0.6947692024825788
1.779824046319078,2.0,1.5707963267948966,0.34885883295969494,1.6705899148736532,0.5274631139116366,0.6983861703320426
1.8007743325847811,2.0,1.5707963267948966,0.3583886857774763,1.6932541115319373,0.5181944641299807,0.7018604090990122
1.8217246188504845,2.0,1.5707963267948966,0.36812967806311025,1.7161111340775346,0.5089073903953347,0.705191907691557
1.842674905116188,2.0,1.5707963267948966,0.3780874757123767,1.7391664111576597,0.4996046702588759,0.7083807148591251
1.863625191381891,2.0,1.5707963267948966,0.38826793757687034,1.7624254595911177,0.4902890824328815,0.71142693932233
1.8845754776475945,2.0,1.5707963267948966,0.3986771220571091,1.7858938872331898,0.480963405677274,0.7143307498847157
1.9055257639132979,2.0,1.5707963267948966,0.40932129397974765,1.809577395923695,0.47163041768774266,0.7170923755266724
1.926476050179001,2.0,1.5707963267948966,0.42020693177135426,1.8334817845211429,0.4622928939858487,0.7197121054816867
1.9474263364447044,2.0,1.5707963267948966,0.43134073494185976,1.8576129520260345,0.45295360681151836,0.7221902892951116
1.9683766227104078,2.0,1.5707963267948966,0.4427296318914719,1.8819769007965468,0.4436153240183309,0.7245273368656601
1.989326908976111,2.0,1.5707963267948966,0.45438078805557025,1.9065797398599833,0.4342808079720058,0.7267237184698295
2.010277195241814,2.0,1.5707963267948966,0.46630161440287166,1.9314276883235812,0.42495281445248956,0.7287799647694775
2.0312274815075178,2.0,1.5707963267948966,0.4784997763029595,1.9565270788884257,0.41563409156004777,0.7306966668027737
2.052177767773221,2.0,1.5707963267948966,0.4909832027801393,1.981884361470445,0.40632737862576135,0.7324744759587669
2.073128054038924,2.0,1.5707963267948966,0.5037600961714886,2.0075061069326563,0.39703540512682584,0.7341141039358211
2.0940783403046277,2.0,1.5707963267948966,0.5168389422079437,2.033399010933061,0.3877608896070546,0.7356163226841692
2.115028626570331,2.0,1.5707963267948966,0.5302285205382803,2.0595698978928203,0.3785065386029845,0.7369819643328611
2.135978912836034,2.0,1.5707963267948966,0.5439379157169507,2.0860257250896033,0.3692750455759763,0.7382119211013823
2.1569291991017376,2.0,1.5707963267948966,0.5579765286778833,2.112773586881251,0.36006908985071007,0.7393071451962347
2.177879485367441,2.0,1.5707963267948966,0.572354088717582,2.1398207190651872,0.3508913355604696,0.7402686486927771
2.198829771633144,2.0,1.5707963267948966,0.5870806660121795,2.1671745033793277,0.3417444305996068,0.7410975034026435
2.2197800578988476,2.0,1.5707963267948966,0.6021666846944778,2.1948424721505235,0.33263100558358033,0.7417948407270588
2.2407303441645507,2.0,1.5707963267948966,0.6176229365184901,2.2228323130969465,0.323553672816963,0.7423618514963892
2.261680630430254,2.0,1.5707963267948966,0.6334605951405903,2.2511518742911867,0.3145150252698003,0.7427997857962731
2.2826309166959575,2.0,1.5707963267948966,0.6496912310480316,2.279809169291205,0.3055176355627199,0.7431099527806955
2.3035812029616607,2.0,1.5707963267948966,0.6663268271674119,2.3088123824467193,0.29656405496117283,0.7432937204723724
2.324531489227364,2.0,1.5707963267948966,0.683379795187564,2.338169874389051,0.287656812379196,0.743352515550839
2.3454817754930675,2.0,1.5707963267948966,0.7008629926333927,2.367890187712923,0.2787984133930844,0.74328782312863
2.3664320617587706,2.0,1.5707963267948966,0.7187897407293685,2.397982052859226,0.2699913392653563,0.7431011865159702
2.387382348024474,2.0,1.5707963267948966,0.7371738430937245,2.42845439420834,0.2612380459793944,0.7427942069743998
2.4083326342901774,2.0,1.5707963267948966,0.7560296053068907,2.459316336394146,0.2525409632851516,0.7423685434597733
2.4292829205558806,2.0,1.5707963267948966,0.7753718554003963,2.490577210849559,0.243902493756298,0.741825912355088
2.4502332068215837,2.0,1.5707963267948966,0.7952159653153273,2.5222465625950647,0.23532501185919275,0.7411680871936117
2.471183493087287,2.0,1.5707963267948966,0.8155778733825072,2.554334157282492,0.22681086303406245,0.7403968983727969
2.4921337793529905,2.0,1.5707963267948966,0.8364741078798792,2.586849988507071,0.21836236278876367,0.7395142328594849
2.5130840656186937,2.0,1.5707963267948966,0.8579218117261224,2.6198042854016745,0.20998179580550863,0.7385220338869173
2.534034351884397,2.0,1.5707963267948966,0.879938768373347,2.6532075205280825,0.2016714150609312,0.7374223006440974
2.5549846381501005,2.0,1.5707963267948966,0.9025434289658306,2.68707041808112,0.19343344095987056,0.7362170879580548
2.5759349244158036,2.0,1.5707963267948966,0.9257549408361944,2.7214039624226234,0.18527006048324782,0.7349085059695949
2.596885210681507,2.0,1.5707963267948966,0.9495931774151823,2.7562194069633605,0.17718342635040882,0.7334987198031273
2.6178354969472104,2.0,1.5707963267948966,0.9740787696363705,2.7915282834123256,0.16917565619631023,0.7319899492311973
2.6387857832129136,2.0,1.5707963267948966,0.9992331389227087,2.8273424114142367,0.16124883176391874,0.7303844683343588
2.6597360694786167,2.0,1.5707963267948966,1.0250785318478048,2.863673908597562,0.15340499811219624,0.7286846051570665
2.6806863557443203,2.0,1.5707963267948966,1.0516380565713948,2.9005352010570666,0.14564616284004409,0.7268927413602712
2.7016366420100235,2.0,1.5707963267948966,1.0789357211554884,2.9379390342966456,0.1379742953265764,0.7250113118714517
2.7225869282757267,2.0,1.5707963267948966,1.106996473875367,2.9758984846602106,0.1303913259880902,0.723042804532829
2.7435372145414303,2.0,1.5707963267948966,1.1358462456478797,3.014426971280452,0.1228991455521044,0.7209897597485538
2.7644875008071335,2.0,1.5707963267948966,1.165511994708558,3.0535382685776944,0.11549960434883869,0.7188547701316859
2.7854377870728366,2.0,1.5707963267948966,1.1960217536788853,3.093246519343565,0.1081945116204945,0.7166404801518256
2.8063880733385402,2.0,1.5707963267948966,1.2274046791757527,3.1335662484469706,0.10098563484871335,0.7143495857842903
2.8273383596042434,2.0,1.5707963267948966,1.259691104126786,3.1745123772028814,0.0938746991005785,0.7119848341617909
2.8482886458699466,2.0,1.5707963267948966,1.2929125929680192,3.2161002384478246,0.0868633863935282,0.7095490232295881
2.86923893213565,2.0,1.5707963267948966,1.3271019999142226,3.2583455923695053,0.07995333507955193,0.7070450014051741
2.8901892184013533,2.0,1.5707963267948966,1.3622935305074655,3.3012646431420376,0.07314613924903901,0.7044756672435886
2.9111395046670565,2.0,1.5707963267948966,1.3985228066661484,3.344874056422631,0.06644334815465074,0.7018439691095179
2.93208979093276,2.0,1.5707963267948966,1.4358269354749775,3.389190977770332,0.05984646565559306,0.6991529048574202
2.9530400771984633,2.0,1.5707963267948966,1.4742445819764454,3.4342330520527526,0.05335694968266296,0.6964055215209763
2.9739903634641665,2.0,1.5707963267948966,1.5138160462463965,3.480018443912499,0.04697621172444977,0.6936049150132575
2.9949406497298696,2.0,1.5707963267948966,1.5545833450604971,3.526565859371405,0.040705616335073996,0.6907542298390863
3.0158909359955732,2.0,1.5707963267948966,1.596590298485158,3.573894568657736,0.03454648066385643,0.6878566588211772
3.0368412222612764,2.0,1.5707963267948966,1.6398826217559144,3.62202443034932,0.028500074007309768,0.6849154428417401
3.0577915085269796,2.0,1.5707963267948966,1.6845080228387959,3.6709759169341285,0.02256761738385668,0.6819338706013673
3.078741794792683,2.0,1.5707963267948966,1.7305163061062294,3.720770141899367,0.016750283131692918,0.6789152783971537
3.0996920810583863,2.0,1.5707963267948966,1.7779594825988543,3.771428888470633,0.01104919453021482,0.6758630499221453
3.1206423673240895,2.0,1.5707963267948966,1.8268918873888194,3.822974640134375,0.005465425445457859,0.6727806160883987
3.141592653589793,2.0,1.5707963267948966,1.8773703046092072,3.8754306130898097,1.549216984625332e-17,0.6696714548760951
0.02,5.0,1.5707963267948966,1.9960103702422543e-05,0.019980041893060456,0.9999333013962817,0.01000299295568079
0.04095028626570331,5.0,1.5707963267948966,8.350483439696475e-05,0.0408668164644531,0.9997202508087438,0.020486192483094537
0.061900572531406614,5.0,1.5707963267948966,0.00019040834491128655,0.061710346767991274,0.9993605269340571,0.030972103099761745
0.08285085879710993,5.0,1.5707963267948966,0.0003404035869317718,0.08251104010152481,0.9988540000690206,0.041458355524005716
0.10380114506281324,5.0,1.5707963267948966,0.0005332279892654595,0.10326935549963111,0.9982005820019413,0.05194257199693821
0.12475143132851654,5.0,1.5707963267948966,0.0007686239627815039,0.12398580263735876,0.9974002263847537,0.062422367188584654
0.14570171759421985,5.0,1.5707963267948966,0.0010463393885759812,0.14466094072526842,0.9964529290817122,0.07289534911626923
0.16665200385992315,5.0,1.5707963267948966,0.0013661280894586892,0.16529537739808026,0.9953587284942699,0.08335912007439678
0.18760229012562646,5.0,1.5707963267948966,0.0017277502849026404,0.18588976759911452,0.9941177058617978,0.09381127757477016
0.20855257639132976,5.0,1.5707963267948966,0.0021309730296357647,0.20644481246259325,0.9927299855378274,0.10424941529658556
0.22950286265703307,5.0,1.5707963267948966,0.00257557063608991,0.22696125819575066,0.9911957352415494,0.11467112404525164
0.2504531489227364,5.0,1.5707963267948966,0.003061325080954695,0.24743989496258256,0.9895151662843165,0.12507399271918476
0.27140343518843973,5.0,1.5707963267948966,0.00358802639611316,0.2678815557709474,0.9876885337709456,0.13545560928373854
0.292353721454143,5.0,1.5707963267948966,0.004155473044262631,0.2882871153646181,0.9857161367756443,0.1458135617514336
0.31330400771984634,5.0,1.5707963267948966,0.004763472279547794,0.3086574891217705,0.9835983184924135,0.15614543916766116
0.3342542939855496,5.0,1.5707963267948966,0.005411840493553853,0.3289936319612844,0.9813354663598126,0.16644883260104293
0.35520458025125295,5.0,1.5707963267948966,0.006100403547025865,0.34929653725812587,0.9789280121599963,0.17672133613764038
0.3761548665169563,5.0,1.5707963267948966,0.006828997087695944,0.36956723576897194,0.9763764320919782,0.18696054787821548
0.39710515278265957,5.0,1.5707963267948966,0.007597466854613509,0.3898067945691432,0.9736812468190721,0.19716407093775598
0.4180554390483629,5.0,1.5707963267948966,0.008405668969384515,0.41001631600180294,0.9708430214905232,0.20732951444649006
0.4390057253140662,5.0,1.5707963267948966,0.009253470214734468,0.43019693664028963,0.9678623657373429,0.21745449455162755
0.4599560115797695,5.0,1.5707963267948966,0.010140748300816923,0.45034982626435915,0.964739933642389,0.22753663541907324
0.4809062978454728,5.0,1.5707963267948966,0.011067392119693664,0.4704761868510172,0.9614764236847683,0.23757357023437622
0.5018565841111761,5.0,1.5707963267948966,0.012033301988415922,0.49057725158054205,0.9580725786586465,0.24756294220218678
0.5228068703768795,5.0,1.5707963267948966,0.013038389881137131,0.5106542838582112,0.9545291855665753,0.2575024055435069
0.5437571566425827,5.0,1.5707963267948966,0.014082579650687302,0.5307085763521691,0.9508470754874767,0.2673896264900339
0.564707442908286,5.0,1.5707963267948966,0.015165807240037037,0.5507414500477885,0.9470271234194323,0.277222284274912
0.5856577291739894,5.0,1.5707963267948966,0.016288020884076236,0.5707542533188209,0.9430702480974429,0.28699807211921297
0.6066080154396927,5.0,1.5707963267948966,0.01744918130212723,0.5907483610155382,0.9389774117863601,0.29671469821349056
0.627558301705396,5.0,1.5707963267948966,0.018649261881606927,0.6107251735700261,0.9347496200491814,0.30636988669375825
0.6485085879710992,5.0,1.5707963267948966,0.019888248853244812,0.6306861161187046,0.9303879214909409,0.3159613786112581
0.6694588742368026,5.0,1.5707963267948966,0.02116614145825602,0.6506326376421032,0.9258934074784266,0.32548693289540037
0.6904091605025059,5.0,1.5707963267948966,0.022482952107859343,0.6705662101218544,0.9212672118359809,0.33494432730926854
0.7113594467682092,5.0,1.5707963267948966,0.02383870653552015,0.6904883277148158,0.9165105105176456,0.34433135939709614
0.7323097330339126,5.0,1.5707963267948966,0.02523344394228757,0.7104005059441831,0.9116245212559336,0.35364584742313554
0.7532600192996158,5.0,1.5707963267948966,0.026667217135583045,0.7303042809073906,0.9066105031875213,0.36288563130135454
0.7742103055653191,5.0,1.5707963267948966,0.02814009266178622,0.7502012085005758,0.9014697564561582,0.37204857351540677
0.7951605918310224,5.0,1.5707963267948966,0.0296521509329499,0.7700928636593108,0.8962036217931183,0.3811325600283374
0.8161108780967258,5.0,1.5707963267948966,0.03120348634796341,0.7899808396152834,0.8908134800755131,0.3901355011814972
0.837061164362429,5.0,1.5707963267948966,0.032794207408468966,0.809866747168557,0.8853007518628032,0.39905533258215237
0.8580114506281323,5.0,1.5707963267948966,0.03442443682982132,0.8297522139750073,0.8796668969118581,0.40789001597928976
0.8789617368938357,5.0,1.5707963267948966,0.0360943116473661,0.8496388838484983,0.8739134136709167,0.4166375401271305
0.899912023159539,5.0,1.5707963267948966,0.037803983318296534,0.8695284160773187,0.8680418387528102,0.4252959216358753
0.9208623094252423,5.0,1.5707963267948966,0.039553617819332657,0.8894224847543787,0.8620537463878283,0.4338632058092207
0.9418125956909456,5.0,1.5707963267948966,0.04134339574045097,0.9093227781206294,0.8559507478565965,0.4423374674681964
0.9627628819566489,5.0,1.5707963267948966,0.04317351237487576,0.9292309979211387,0.849734490903363,0.4507168117608835
0.9837131682223522,5.0,1.5707963267948966,0.045044177805526914,0.9491488587732371,0.8434066591300817,0.45899937495758847
1.0046634544880555,5.0,1.5707963267948966,0.046955616988101384,0.9690780875461108,0.8369689713716981,0.4671833252310622
1.0256137407537589,5.0,1.5707963267948966,0.04890806983094869,0.9890204227512058,0.8304231810530419,0.4752668634213554
1.046564027019462,5.0,1.5707963267948966,0.05090179127188282,1.0089776139427753,0.8237710755277382,0.4832482237849233
1.0675143132851654,5.0,1.5707963267948966,0.05293705135205525,1.0289514211278903,0.8170144753995612,0.4911256747276017
1.0884645995508688,5.0,1.5707963267948966,0.05501413528699504,1.0489436141851958,0.8101552338266478,0.4988975195210805
1.109414885816572,5.0,1.5707963267948966,0.05713334353490481,1.0689559722917013,0.8031952358090054,0.5065620970025223
1.1303651720822754,5.0,1.5707963267948966,0.059294991862281494,1.0889902833568488,0.7961363974597432,0.5141177822569792
1.1513154583479788,5.0,1.5707963267948966,0.061499411406912216,1.109048343463099,0.7889806652604687,0.5215629872822682
1.172265744613682,5.0,1.5707963267948966,0.06374694873827756,1.12913195631226,0.7817300153012869,0.5288961616359852
1.1932160308793853,5.0,1.5707963267948966,0.0660379659153734,1.1492429326767548,0.7743864525058523,0.5361157930643393
1.2141663171450887,5.0,1.5707963267948966,0.0683728405419439,1.169383089855022,0.7669520098419217,0.5432204081125068
1.2351166034107919,5.0,1.5707963267948966,0.07075196581909873,1.1895542511302184,0.7594287475178587,0.5502085727162048
1.2560668896764953,5.0,1.5707963267948966,0.07317575059526595,1.2097582452313846,0.7518187521655524,0.5570788927742083
1.2770171759421984,5.0,1.5707963267948966,0.07564461941341286,1.2299969057962126,0.7441241360102014,0.563830014701529
1.2979674622079018,5.0,1.5707963267948966,0.07815901255544622,1.250272070834554,0.7363470360274313,0.5704606259629971
1.3189177484736052,5.0,1.5707963267948966,0.08071938608368025,1.2705855821917722,0.7284896130882136,0.5769694555869885
1.3398680347393084,5.0,1.5707963267948966,0.08332621187924348,1.290939285011061,0.7205540510920405,0.5833552746590507
1.3608183210050118,5.0,1.5707963267948966,0.08597997767726824,1.3113350271938002,0.7125425560888439,0.5896168967951982
1.3817686072707152,5.0,1.5707963267948966,0.08868118709868929,1.33177465885704,0.7044573553901174,0.5957531785946402
1.4027188935364183,5.0,1.5707963267948966,0.0914303596784531,1.352260031787179,0.6963006966697216,0.6017630200717354
1.4236691798021217,5.0,1.5707963267948966,0.09422803088991641,1.3727929988888814,0.6880748470548468,0.6076453650669555
1.444619466067825,5.0,1.5707963267948966,0.09707475216518979,1.3933754136282857,0.6797820922076168,0.6133992016366636
1.4655697523335283,5.0,1.5707963267948966,0.09997109091115876,1.414009129469529,0.6714247353978079,0.6190235624215151
1.4865200385992317,5.0,1.5707963267948966,0.10291763052088922,1.4346959993036101,0.6630050965671692,0.6245175249933018
1.5074703248649348,5.0,1.5707963267948966,0.10591497038010005,1.4554378748685912,0.654525511385827,0.6298802121800632
1.5284206111306382,5.0,1.5707963267948966,0.10896372586836102,1.4762366061601442,0.6459883303012605,0.6351107923693026
1.5493708973963416,5.0,1.5707963267948966,0.11206452835464727,1.4970940408314186,0.6373959175803303,0.6402084797891522
1.5703211836620448,5.0,1.5707963267948966,0.11521802518685603,1.51801202358121,0.628750650344857,0.6451725347673406
1.5912714699277482,5.0,1.5707963267948966,0.11842487967486531,1.5389923955293952,0.6200549176012273,0.6500022639678217
1.6122217561934515,5.0,1.5707963267948966,0.12168577106668306,1.5600369935785694,0.611311119264533,0.6546970206049388
1.6331720424591547,5.0,1.5707963267948966,0.1250013945172141,1.5811476497608572,0.6025216651777212,0.6592562046349973
1.654122328724858,5.0,1.5707963267948966,0.1283724610491364,1.6023261905688018,0.5936889741262578,0.6636792629251355
1.6750726149905615,5.0,1.5707963267948966,0.13179969750535486,1.623574436269276,0.5848154728487938,0.6679656893993862
1.6960229012562646,5.0,1.5707963267948966,0.13528384649246605,1.6448942001993079,0.5759035950443346,0.6721150251618353
1.716973187521968,5.0,1.5707963267948966,0.13882566631464296,1.666287288042749,0.5669557803764017,0.6761268585967836
1.7379234737876714,5.0,1.5707963267948966,0.14242593089731215,1.6877554970866613,0.5579744734746886,0.6800008254458321
1.7588737600533746,5.0,1.5707963267948966,0.14608542969996716,1.7093006154563168,0.54896212293471,0.6837366088618235
1.779824046319078,5.0,1.5707963267948966,0.1498049676174309,1.7309244213276955,0.5399211803159397,0.6873339394395671
1.8007743325847811,5.0,1.5707963267948966,0.15358536486884367,1.7526286821163441,0.530854099138937,0.6907925952232971
1.8217246188504845,5.0,1.5707963267948966,0.1574274568736245,1.7744151536414723,0.5217633338819668,0.6941124016908136
1.842674905116188,5.0,1.5707963267948966,0.16133209411361565,1.7962855792641417,0.5126513389776096,0.6972932317142656
1.863625191381891,5.0,1.5707963267948966,0.16530014198058893,1.8182416889984068,0.5035205678098662,0.7003350054975466
1.8845754776475945,5.0,1.5707963267948966,0.16933248060825654,1.8402851985942643,0.4943734717122583,0.7032376904902784
1.9055257639132979,5.0,1.5707963267948966,0.17343000468789332,1.8624178085912588,0.48521249896743157,0.7060013012783649
1.926476050179001,5.0,1.5707963267948966,0.17759362326664288,1.8846412033415956,0.4760400938087614,0.7086258994511165
1.9474263364447044,5.0,1.5707963267948966,0.18182425952754436,1.9069570500016215,0.4668586954244687,0.711111593444936
1.9683766227104078,5.0,1.5707963267948966,0.1861228505502763,1.929366997490505,0.4576707369647524,0.7134585383635891
1.989326908976111,5.0,1.5707963267948966,0.19049034705158618,1.9518726754150035,0.44847864455244135,0.715666935775065
2.010277195241814,5.0,1.5707963267948966,0.19492771310432636,1.974475692959153,0.4392848362976762,0.7177370334850658
2.0312274815075178,5.0,1.5707963267948966,0.19943592583399056,1.9971776377377681,0.43009172131712575,0.719669125287153
2.052177767773221,5.0,1.5707963267948966,0.2040159750916005,2.019980074612621,0.4209016987582503,0.7214635506896012
2.073128054038924,5.0,1.5707963267948966,0.2086688631017626,2.042884544470209,0.4117171568291127,0.72312069461901
2.0940783403046277,5.0,1.5707963267948966,0.21339560408467076,2.0658925629599945,0.4025404718342573,0.7246409871007419
2.115028626570331,5.0,1.5707963267948966,0.21819722385080198,2.089005619192069,0.3933740072171573,0.7260249029162524
2.135978912836034,5.0,1.5707963267948966,0.22307475936701252,2.1122251743931684,0.3842201126097461,0.7272729612374014
2.1569291991017376,5.0,1.5707963267948966,0.2280292582927066,2.1355526605200192,0.37508112288954226,0.7283857252378353
2.177879485367441,5.0,1.5707963267948966,0.23306177848471932,2.158989478829016,0.36595935724487977,0.7293638016815411
2.198829771633144,5.0,1.5707963267948966,0.23817338746951847,2.1825369984012575,0.3568571182487566,0.7302078404886876
2.2197800578988476,5.0,1.5707963267948966,0.24336516188130075,2.2061965546220073,0.3477766909418115,0.7309185342788721
2.2407303441645507,5.0,1.5707963267948966,0.24863818686452488,2.229969447613688,0.33872034192494677,0.7314966178919141
2.261680630430254,5.0,1.5707963267948966,0.2539935554393996,2.253856940621563,0.3296903184621063,0.7319428678863319
2.2826309166959575,5.0,1.5707963267948966,0.25943236782881307,2.277860258351302,0.3206888475937245,0.7322581020156623
2.3035812029616607,5.0,1.5707963267948966,0.26495573074516643,2.301980585257688,0.31171813526136244,0.7324431786827951
2.324531489227364,5.0,1.5707963267948966,0.2705647566355574,2.3262190637837934,0.3027803654440416,0.7324989963724919
2.3454817754930675,5.0,1.5707963267948966,0.27626056288373135,2.350576792549996,0.2938776993067944,0.7324264930622933
2.3664320617587706,5.0,1.5707963267948966,0.28204427096720835,2.3750548244923038,0.285012274361946,0.7322266456120085
2.387382348024474,5.0,1.5707963267948966,0.28791700556797944,2.399654164949522,0.27618620364363894,0.7319004691320142
2.4083326342901774,5.0,1.5707963267948966,0.29387989363515604,2.4243757696988975,0.26740157489612226,0.7314490163305886
2.4292829205558806,5.0,1.5707963267948966,0.2999340633979502,2.449220542939938,0.2586604497763166,0.7308733768405289
2.4502332068215837,5.0,1.5707963267948966,0.3060806433273698,2.4741893352262667,0.24996486307116947,0.7301746765253117
2.471183493087287,5.0,1.5707963267948966,0.31232076104500733,2.4992829413454065,0.2413168219303215,0.729354076765074
2.4921337793529905,5.0,1.5707963267948966,0.31865554217732334,2.5245020981465767,0.23271830511459207,0.7284127737227033
2.5130840656186937,5.0,1.5707963267948966,0.3250861091538326,2.5498474823166686,0.22417126226080286,0.7273519975903432
2.534034351884397,5.0,1.5707963267948966,0.33161357994763163,2.5753197081047303,0.2156776131634509,0.7261730118166456
2.5549846381501005,5.0,1.5707963267948966,0.33823906675673154,2.6009193249954197,0.20723924707374525,0.7248771123151007
2.5759349244158036,5.0,1.5707963267948966,0.34496367462470207,2.626646815332058,0.19885802201651845,0.7234656266538132
2.596885210681507,5.0,1.5707963267948966,0.3517884999991782,2.652502591890075,0.19053576412552264,0.7219399132271005
2.6178354969472104,5.0,1.5707963267948966,0.3587146292268351,2.678486995401826,0.1822742669976211,0.7203013604093066
2.6387857832129136,5.0,1.5707963267948966,0.3657431369835034,2.704600292033939,0.1740752910663808,0.7185513856912566
2.6597360694786167,5.0,1.5707963267948966,0.37287508463817315,2.7308426708185634,0.1659405629955718,0.7166914347997858
2.6806863557443203,5.0,1.5707963267948966,0.38011151854971875,2.7572142410401073,0.15787177509307615,0.7147229808008044
2.7016366420100235,5.0,1.5707963267948966,0.38745346829527394,2.7837150295792634,0.1498705847457074,0.712647523186383
2.7225869282757267,5.0,1.5707963267948966,0.3949019448293015,2.810344978216381,0.14193861387543463,0.7104665869463634
2.7435372145414303,5.0,1.5707963267948966,0.40245793857251944,2.837103940896489,0.13407744841750738,0.7081817216250218
2.7644875008071335,5.0,1.5707963267948966,0.4101224174299788,2.8639916809585144,0.12628863782096994,0.7057945003633491
2.7854377870728366,5.0,1.5707963267948966,0.4178963247377535,2.891007868331574,0.11857369457204711,0.703306518927515
2.8063880733385402,5.0,1.5707963267948966,0.4257805771378492,2.9181520767014497,0.11093409374088391,0.7007193947241341
2.8273383596042434,5.0,1.5707963267948966,0.4337760623811326,2.945423780650698,0.10337127255211284,0.6980347658029663
2.8482886458699466,5.0,1.5707963267948966,0.4418836370582762,2.9728223527761504,0.09588662997971228,0.6952542898477106
2.86923893213565,5.0,1.5707963267948966,0.4501041242589289,3.000347060787898,0.0884815263666213,0.6923796431555869
2.8901892184013533,5.0,1.5707963267948966,0.4584383111595502,3.027997064594185,0.08115728306956052,0.689412519606429
2.9111395046670565,5.0,1.5707963267948966,0.4668869465406079,3.055771413377015,0.07391518212950145,0.6863546296220391
2.93208979093276,5.0,1.5707963267948966,0.4754507382340918,3.083669042663599,0.0667564659682226,0.6832076991165903
2.9530400771984633,5.0,1.5707963267948966,0.48413035050260017,3.1116887713992223,0.059682337111372545,0.6799734684388912
2.9739903634641665,5.0,1.5707963267948966,0.49292640135155313,3.139829299027427,0.05269395793845325,0.6766536913073653
2.9949406497298696,5.0,1.5707963267948966,0.5018394597764173,3.1680892025838454,0.04579245046012438,0.6732501337386264
3.0158909359955732,5.0,1.5707963267948966,0.5108700429471786,3.196466933810449,0.03897889612321352,0.6697645729705707
3.0368412222612764,5.0,1.5707963267948966,0.5200186133326578,3.2249608162973322,0.03225433564380542,0.6661987963809376
3.0577915085269796,5.0,1.5707963267948966,0.5292855757676658,3.253569042659663,0.025619768868762622,0.6625546004023263
3.078741794792683,5.0,1.5707963267948966,0.5386712744663918,3.2822896717577863,0.01907615466601837,0.6588337894346988
3.0996920810583863,5.0,1.5707963267948966,0.5481759899858502,3.311120625968949,0.012624410843959454,0.6550381747564255
3.1206423673240895,5.0,1.5707963267948966,0.5577999361436686,3.340059688519559,0.00626541410019644,0.6511695734349738
3.141592653589793,5.0,1.5707963267948966,0.5675432568949502,3.3691045008872913,1.5372906065649038e-17,0.6472298072383771
0.02,50.0,1.5707963267948966,1.9996001399527287e-06,0.019998000599823616,0.9999333313342312,0.009999999897809133
0.04095028626570331,50.0,1.5707963267948966,8.381199390838923e-06,0.040941908579935356,0.9997205071845069,0.020473678181801763
0.061900572531406614,50.0,1.5707963267948966,1.914656574630592e-05,0.061881444304906004,0.9993614101739412,0.03094359232020517
0.08285085879710993,50.0,1.5707963267948966,3.429296660600276e-05,0.08281662466679351,0.9988561120457258,0.04140744229267416
0.10380114506281324,50.0,1.5707963267948966,5.3817690025646915e-05,0.10374747228308448,0.9982047231730966,0.051862928924382296
0.12475143132851654,50.0,1.5707963267948966,7.77180506689518e-05,0.12467401547151018,0.9974073925638759,0.06230775456593377
0.14570171759421985,50.0,1.5707963267948966,0.00010599139571839049,0.14559628822081316,0.996464307852574,0.0727396237743053
0.16665200385992315,50.0,1.5707963267948966,0.00013863511073902192,0.1665143301575104,0.9953756952799724,0.08315624399457613
0.18760229012562646,50.0,1.5707963267948966,0.0001756466254896972,0.18742818650869844,0.994141819660151,0.09355532624220195
0.20855257639132976,50.0,1.5707963267948966,0.00021702341967606105,0.20833790806094846,0.99276298433491,0.10393458578558647
0.22950286265703307,50.0,1.5707963267948966,0.0002627630286398642,0.22924355111534292,0.9912395311155424,0.11429174282870153
0.2504531489227364,50.0,1.5707963267948966,0.000312863048979203,0.2501451774387038,0.9895718402119208,0.12462452319350421
0.27140343518843973,50.0,1.5707963267948966,0.00036732114409441136,0.271042854211068,0.987760330148867,0.13493065900189835
0.292353721454143,50.0,1.5707963267948966,0.000426135049654428,0.29193665396946233,0.9858054576697899,0.14520788935698548
0.31330400771984634,50.0,1.5707963267948966,0.0004893025789785864,0.31282665454803765,0.9837077176275535,0.15545396102334832
0.3342542939855496,50.0,1.5707963267948966,0.0005568216283288688,0.3337129390146174,0.9814676428625783,0.16566662910610802
0.35520458025125295,50.0,1.5707963267948966,0.0006286901821077908,0.3545955956037217,0.9790858040681615,0.17584365772849672
0.3761548665169563,50.0,1.5707963267948966,0.0007049063179571907,0.3754747176461261,0.9765628096430125,0.18598282070768327
0.39710515278265957,50.0,1.5707963267948966,0.0007854682117533172,0.3963504034950178,0.9738993055310116,0.19608190222859007
0.4180554390483629,50.0,1.5707963267948966,0.0008703741424937198,0.4172227564488111,0.9710959750482029,0.2061386975154393
0.4390057253140662,50.0,1.5707963267948966,0.0009596224970715672,0.43809188467068577,0.9681535386970294,0.21615101350076318
0.4599560115797695,50.0,1.5707963267948966,0.0010532117749331427,0.4589579011049146,0.9650727539678468,0.2261166694916144
0.4809062978454728,50.0,1.5707963267948966,0.0011511405926143646,0.4798209233900424,0.9618544151277294,0.2360334978327126
0.5018565841111761,50.0,1.5707963267948966,0.001253407688152324,0.500681073768986,0.9584993529966166,0.24589934456626042
0.5228068703768795,50.0,1.5707963267948966,0.0013600119253679372,0.521538478996121,0.9550084347108293,0.25571207008816543
0.5437571566425827,50.0,1.5707963267948966,0.0014709522980159194,0.5423932702414217,0.9513825634740118,0.26546954980040033
0.564707442908286,50.0,1.5707963267948966,0.0015862279337984337,0.5632455829917237,0.947622678295551,0.27516967475924115
0.5856577291739894,50.0,1.5707963267948966,0.0017058380982388633,0.5840955569491799,0.9437297537165272,0.2848103523191118
0.6066080154396927,50.0,1.5707963267948966,0.0018297821984122758,0.6049433359269736,0.9397047995232732,0.2943895067717786
0.627558301705396,50.0,1.5707963267948966,0.0019580597865292934,0.6257890677423653,0.9355488604486033,0.3039050799806265
0.6485085879710992,50.0,1.5707963267948966,0.002090670563370152,0.6466329041071375,0.9312630158607993,0.3133550320097567
0.6694588742368026,50.0,1.5707963267948966,0.002227614381565913,0.6674750005155119,0.9268483794404333,0.3227373417476437
0.6904091605025059,50.0,1.5707963267948966,0.0023688912487238416,0.6883155161296077,0.9223060988451236,0.3320500075250934
0.7113594467682092,50.0,1.5707963267948966,0.00251450133039413,0.7091546136625115,0.9176373553623155,0.34129104772724284
0.7323097330339126,50.0,1.5707963267948966,0.0026644449528752607,0.7299924592590338,0.912843363550197,0.35045850139934354
0.7532600192996158,50.0,1.5707963267948966,0.0028187226058553555,0.7508292223742168,0.9079253708668545,0.3595504288460764
0.7742103055653191,50.0,1.5707963267948966,0.002977334944887068,0.7716650756496718,0.9028846572877902,0.36856491222414334
0.7951605918310224,50.0,1.5707963267948966,0.003140282793693615,0.792500194787814,0.897722534911919,0.3775000561278844
0.8161108780967258,50.0,1.5707963267948966,0.003307567146303671,0.8133347584240662,0.8924403475561747,0.38635398816767336
0.837061164362429,50.0,1.5707963267948966,0.0034791891690129956,0.8341689479971064,0.8870394703388638,0.3951248595408443
0.8580114506281323,50.0,1.5707963267948966,0.003655150202170718,0.8550029476172252,0.8815213092519016,0.403810845594908
0.8789617368938357,50.0,1.5707963267948966,0.0038354517617883712,0.8758369439328728,0.8758873007220842,0.4124101463828136
0.899912023159539,50.0,1.5707963267948966,0.004020095540969822,0.8966711259954591,0.8701389111615416,0.4209209872100232
0.9208623094252423,50.0,1.5707963267948966,0.004209083411160388,0.9175056851224833,0.8642776365075382,0.4293416191731608
0.9418125956909456,50.0,1.5707963267948966,0.004402417423213542,0.9383408147590663,0.858305001751776,0.437670319690006
0.9627628819566489,50.0,1.5707963267948966,0.00460009980827366,0.9591767103379502,0.8522225604593809,0.44590539302060583
0.9837131682223522,50.0,1.5707963267948966,0.00480213297847346,0.9800135691380462,0.8460318942777352,0.4540451707792769
1.0046634544880555,50.0,1.5707963267948966,0.0050085195274447636,1.0008515901415918,0.8397346124353499,0.46208801243728564
1.0256137407537589,50.0,1.5707963267948966,0.005219262230641481,1.0216909738899997,0.8333323512309526,0.4700323058159787
1.046564027019462,50.0,1.5707963267948966,0.005434364045473628,1.0425319223384604,0.8268267735129884,0.4778764675701632
1.0675143132851654,50.0,1.5707963267948966,0.005653828111251469,1.063374638709375,0.8202195681497285,0.48561894366151864
1.0884645995508688,50.0,1.5707963267948966,0.005877657748938803,1.0842193273446847,0.8135124494901922,0.4932582098218455
1.109414885816572,50.0,1.5707963267948966,0.006105856460714747,1.1050661935571775,0.8067071568160793,0.5007927720059439
1.1303651720822754,50.0,1.5707963267948966,0.0063384279293431595,1.1259154434808292,0.7998054537849391,0.5082211668339335
1.1513154583479788,50.0,1.5707963267948966,0.006575376017349259,1.1467672839202607,0.7928091278647786,0.5155419620228208
1.172265744613682,50.0,1.5707963267948966,0.0068167047660028755,1.16762192219938,0.7857199897603407,0.5227537568071311
1.1932160308793853,50.0,1.5707963267948966,0.007062418394107967,1.1884795660092744,0.7785398728312741,0.5298551823484263
1.2141663171450887,50.0,1.5707963267948966,0.007312521296598111,1.20934042325543,0.7712706325024251,0.5368449021335295
1.2351166034107919,50.0,1.5707963267948966,0.007567018042937798,1.2302047019043456,0.7639141456664856,0.543721612361292
1.2560668896764953,50.0,1.5707963267948966,0.007825913375329428,1.2510726098296157,0.756472310079237,0.5504840423177353
1.2770171759421984,50.0,1.5707963267948966,0.008089212206725975,1.2719443546575435,0.7489470437476318,0.557130954739411
1.2979674622079018,50.0,1.5707963267948966,0.008356919618649533,1.2928201436123692,0.7413402843109589,0.5636611461648248
1.3189177484736052,50.0,1.5707963267948966,0.008629040858815874,1.3137001833611712,0.7336539884153417,0.570073447273777
1.3398680347393084,50.0,1.5707963267948966,0.008905581338565284,1.3345846798585157,0.7258901310818262,0.5763667232144806
1.3608183210050118,50.0,1.5707963267948966,0.009186546630100302,1.3554738381909333,0.7180507050683094,0.5825398739183154
1.3817686072707152,50.0,1.5707963267948966,0.009471942463530524,1.3763678624212732,0.7101377202255765,0.5885918344020981
1.4027188935364183,50.0,1.5707963267948966,0.009761774723725474,1.3972669554330321,0.7021532028477034,0.5945215750577315
1.4236691798021217,50.0,1.5707963267948966,0.010056049446975959,1.4181713187747071,0.6940991950170934,0.6003281019291306
1.444619466067825,50.0,1.5707963267948966,0.010354772817464868,1.4390811525042546,0.6859777539444181,0.6060104569762993
1.4655697523335283,50.0,1.5707963267948966,0.010657951163548342,1.459996655033726,0.6777909513037313,0.6115677183264661
1.4865200385992317,50.0,1.5707963267948966,0.010965590953848301,1.4809180229741483,0.6695408725630344,0.6169990005121698
1.5074703248649348,50.0,1.5707963267948966,0.011277698793157466,1.5018454509807238,0.661229616310564,0.6223034546962081
1.5284206111306382,50.0,1.5707963267948966,0.011594281418158183,1.5227791315984196,0.6528592935770853,0.6274802688833648
1.5493708973963416,50.0,1.5707963267948966,0.011915345692956304,1.5437192551080203,0.6444320271544695,0.6325286681188315
1.5703211836620448,50.0,1.5707963267948966,0.012240898604431727,1.5646660093727176,0.6359499509108361,0.6374479146732531
1.5912714699277482,50.0,1.5707963267948966,0.012570947257407025,1.5856195796853056,0.6274152091025479,0.6422373082143362
1.6122217561934515,50.0,1.5707963267948966,0.012905498869635938,1.6065801486160558,0.6188299556833408,0.6468961859649521
1.6331720424591547,50.0,1.5707963267948966,0.01324456076661356,1.6275478958613514,0.6101963536108747,0.6514239228476884
1.654122328724858,50.0,1.5707963267948966,0.013588140376210063,1.6485229980931453,0.6015165741509977,0.6558199316158024
1.6750726149905615,50.0,1.5707963267948966,0.013936245223130073,1.6695056288093235,0.5927927961800046,0.6600836629705336
1.6960229012562646,50.0,1.5707963267948966,0.014288882923199792,1.6904959581850405,0.5840272054851882,0.6642146056647475
1.716973187521968,50.0,1.5707963267948966,0.014646061177484264,1.7114941529251138,0.5752219940639648,0.6682122865928826
1.7379234737876714,50.0,1.5707963267948966,0.015007787766237018,1.732500376117536,0.5663793594218712,0.672076270867183
1.7588737600533746,50.0,1.5707963267948966,0.015374070542684793,1.753514787088195,0.5575015038697202,0.6758061618802023
1.779824046319078,50.0,1.5707963267948966,0.01574491742664996,1.774537541256874,0.5485906338202026,0.6794016013535779
1.8007743325847811,50.0,1.5707963267948966,0.016120336398013326,1.7955687899945982,0.5396489590842348,0.6828622693730733
1.8217246188504845,50.0,1.5707963267948966,0.01650033549002042,1.8166086804824215,0.5306786921673335,0.6861878844099001
1.842674905116188,50.0,1.5707963267948966,0.016884922782434194,1.8376573555717177,0.5216820475663112,0.6893782033283302
1.863625191381891,50.0,1.5707963267948966,0.017274106394537345,1.8587149536460583,0.5126612410665812,0.6924330213796295
1.8845754776475945,50.0,1.5707963267948966,0.017667894477987698,1.8797816084847567,0.5036184890403609,0.6953521721823281
1.9055257639132979,50.0,1.5707963267948966,0.018066295209529938,1.9008574491281527,0.4945560077460587,0.6981355276888783
1.926476050179001,50.0,1.5707963267948966,0.018469316783567495,1.9219425997447215,0.4854760126291329,0.7007829981387286
1.9474263364447044,50.0,1.5707963267948966,0.01887696740459827,1.9430371795000871,0.4763807176247052,0.7032945319978708
1.9683766227104078,50.0,1.5707963267948966,0.019289255279517963,1.9641413024280083,0.4672723344622138,0.7056701158849139
1.989326908976111,50.0,1.5707963267948966,0.019706188609795356,1.9852550773034359,0.4581530719723868,0.7079097744837447
2.010277195241814,50.0,1.5707963267948966,0.02012777558352348,2.006378607517708,0.44902513539681466,0.710013570442847
2.0312274815075178,50.0,1.5707963267948966,0.02055402436735116,2.0275119909559676,0.43989072570040094,0.7119816042613495
2.052177767773221,50.0,1.5707963267948966,0.020984943098299347,2.048655319876887,0.4307520388869668,0.7138140141618906
2.073128054038924,50.0,1.5707963267948966,0.021420539875467094,2.069808680794778,0.4216112653182788,0.7155109759503796
2.0940783403046277,50.0,1.5707963267948966,0.021860822751631717,2.090972154364171,0.41247058903677664,0.7170727028627549
2.115028626570331,50.0,1.5707963267948966,0.02230579972474828,2.1121458152669423,0.4033321870922637,0.7184994453988364
2.135978912836034,50.0,1.5707963267948966,0.022755478729353667,2.13332973210208,0.3941982288728258,0.7197914911433761
2.1569291991017376,50.0,1.5707963267948966,0.023209867627880132,2.154523967278161,0.3850708754402434,0.7209491645744251
2.177879485367441,50.0,1.5707963267948966,0.02366897420188417,2.175728576908626,0.3759522788701549,0.721972826859127
2.198829771633144,50.0,1.5707963267948966,0.02413280614319619,2.1969436107099423,0.36684458159722244,0.7228628756370703
2.2197800578988476,50.0,1.5707963267948966,0.024601371044996746,2.2181691119027307,0.3577499157655591,0.72361974479132
2.2407303441645507,50.0,1.5707963267948966,0.025074676392825193,2.239405117115936,0.3486704025846615,0.7242439042072715
2.261680630430254,50.0,1.5707963267948966,0.025552729555526996,2.2606516562941312,0.33960815169109443,0.7247358595194654
2.2826309166959575,50.0,1.5707963267948966,0.02603553777614597,2.2819087526080426,0.3305652605161673,0.725096151846505
2.3035812029616607,50.0,1.5707963267948966,0.026523108162767723,2.3031764223683657,0.32154381365984147,0.7253253575142325
2.324531489227364,50.0,1.5707963267948966,0.027015447679321063,2.3244546749429666,0.3125458822710975,0.7254240877673207
2.3454817754930675,50.0,1.5707963267948966,0.027512563136343933,2.3457435126775446,0.3035735234349968,0.7253929884694389
2.3664320617587706,50.0,1.5707963267948966,0.02801446118172098,2.3670429308198435,0.29462877956665584,0.725232739792161
2.387382348024474,50.0,1.5707963267948966,0.028521148291399734,2.388352917447492,0.2857136778123555,0.7249440558927868
2.4083326342901774,50.0,1.5707963267948966,0.029032630760092572,2.40967345339955,0.2768302294580021,0.7245276845812542
2.4292829205558806,50.0,1.5707963267948966,0.02954891469197197,2.431004512211854,0.26798042934514693,0.7239844069763197
2.4502332068215837,50.0,1.5707963267948966,0.03007000599136633,2.45234606005622,0.25916625529477244,0.7233150371511963
2.471183493087287,50.0,1.5707963267948966,0.0305959103534647,2.4736980556836237,0.2503896675390443,0.7225204217688305
2.4921337793529905,50.0,1.5707963267948966,0.031126633255037207,2.4950604503713816,0.24165260816122605,0.7216014397070251
2.5130840656186937,50.0,1.5707963267948966,0.03166217994518017,2.5164331878744632,0.23295700054394566,0.7205590016735871
2.534034351884397,50.0,1.5707963267948966,0.03220255543609352,2.537816204380984,0.2243047488259989,0.7193940498117188
2.5549846381501005,50.0,1.5707963267948966,0.03274776449389886,2.5592094284719593,0.21569773736787032,0.7181075572958462
2.5759349244158036,50.0,1.5707963267948966,0.033297811629506506,2.580612781085396,0.20713783022614643,0.7167005279180947
2.596885210681507,50.0,1.5707963267948966,0.03385270108954043,2.6020261754848057,0.1986268706369873,0.7151739956656289
2.6178354969472104,50.0,1.5707963267948966,0.03441243684732918,2.6234495172321948,0.19016668050882407,0.7135290242890623
2.6387857832129136,50.0,1.5707963267948966,0.034977022593971924,2.6448827041656093,0.18175905992443722,0.7117667068621656
2.6597360694786167,50.0,1.5707963267948966,0.03554646172948859,2.666325626381316,0.17340578665256734,0.7098881653330819
2.6806863557443203,50.0,1.5707963267948966,0.036120757354062866,2.687778166220675,0.16510861566920698,0.7078945500672824
2.7016366420100235,50.0,1.5707963267948966,0.03669991225938719,2.7092401982617633,0.15686927868871275,0.7057870393824838
2.7225869282757267,50.0,1.5707963267948966,0.03728392892011919,2.7307115893158396,0.14868948370487112,0.7035668390757551
2.7435372145414303,50.0,1.5707963267948966,0.037872809485458674,2.752192198428688,0.1405709145420491,0.7012351819430449
2.7644875008071335,50.0,1.5707963267948966,0.03846655577085447,2.7736818768869105,0.13251523041655147,0.6987933272913641
2.7854377870728366,50.0,1.5707963267948966,0.039065169249850866,2.7951804682292294,0.12452406550830025,0.696242560443853
2.8063880733385402,50.0,1.5707963267948966,0.039668651046082956,2.8166878082628526,0.11659902854294933,0.6935841922379724
2.8273383596042434,50.0,1.5707963267948966,0.04027700192543033,2.8382037250849463,0.10874170238453926,0.6908195585170572
2.8482886458699466,50.0,1.5707963267948966,0.04089022228833936,2.8597280391092914,0.10095364363878749,0.6879500196154653
2.86923893213565,50.0,1.5707963267948966,0.04150831216232293,2.881260563098136,0.09323638226711196,0.6849769598375688
2.8901892184013533,50.0,1.5707963267948966,0.04213127119464792,2.9028011021993194,0.08559142121147223,0.6819017869308228
2.9111395046670565,50.0,1.5707963267948966,0.04275909864521997,2.9243494539886976,0.07802023603010716,0.6787259315531563
2.93208979093276,50.0,1.5707963267948966,0.04339179337967525,2.945905408517906,0.07052427454424877,0.6754508467349267
2.9530400771984633,50.0,1.5707963267948966,0.044029353862688914,2.967468748367501,0.0631049564958765,0.6720780073356798
2.9739903634641665,50.0,1.5707963267948966,0.04467177815151006,2.989039248705512,0.055763673216576944,0.6686089094959595
2.9949406497298696,50.0,1.5707963267948966,0.04531906388973304,3.010616677351437,0.04850178730756541,0.665045070084409
3.0158909359955732,50.0,1.5707963267948966,0.04597120830131422,3.032200794845692,0.04132063233092014,0.6613880261404083
3.0368412222612764,50.0,1.5707963267948966,0.046628208184844554,3.053791354524554,0.03422151251207515,0.6576393343124891
3.0577915085269796,50.0,1.5707963267948966,0.047290059908087045,3.0753881026006145,0.027205702453608135,0.6538005702927682
3.078741794792683,50.0,1.5707963267948966,0.04795675940278857,3.0969907782487365,0.020274446860360472,0.6498733282476481
3.0996920810583863,50.0,1.5707963267948966,0.04862830215977572,3.1185991136975497,0.013428960275914769,0.6458592202450152
3.1206423673240895,50.0,1.5707963267948966,0.04930468322434385,3.140212834326484,0.006670426830451002,0.6417598756781862
3.141592653589793,50.0,1.5707963267948966,0.04998589719194825,3.1618316587683237,1.085467572098217e-17,0.6375769406868351
